,Store,CompetitionDistance,CompetitionOpenSinceMonth,CompetitionOpenSinceYear,Promo2,Promo2SinceWeek,Promo2SinceYear,PromoInterval,CompetitionOpenSince,Promo2Since,StoreType_a,StoreType_b,StoreType_c,StoreType_d,Assortment_a,Assortment_b,Assortment_c
0,1,1270.0,09,2008,0,01,1800,None,2008-09-01,1800-01-05,0,0,1,0,1,0,0
1,2,570.0,11,2007,1,13,2010,"Jan,Apr,Jul,Oct",2007-11-01,2010-03-28,1,0,0,0,1,0,0
2,3,14130.0,12,2006,1,14,2011,"Jan,Apr,Jul,Oct",2006-12-01,2011-04-03,1,0,0,0,1,0,0
3,4,620.0,09,2009,0,01,1800,None,2009-09-01,1800-01-05,0,0,1,0,0,0,1
4,5,29910.0,04,2015,0,01,1800,None,2015-04-01,1800-01-05,1,0,0,0,1,0,0
5,6,310.0,12,2013,0,01,1800,None,2013-12-01,1800-01-05,1,0,0,0,1,0,0
6,7,24000.0,04,2013,0,01,1800,None,2013-04-01,1800-01-05,1,0,0,0,0,0,1
7,8,7520.0,10,2014,0,01,1800,None,2014-10-01,1800-01-05,1,0,0,0,1,0,0
8,9,2030.0,08,2000,0,01,1800,None,2000-08-01,1800-01-05,1,0,0,0,0,0,1
9,10,3160.0,09,2009,0,01,1800,None,2009-09-01,1800-01-05,1,0,0,0,1,0,0
10,11,960.0,11,2011,1,01,2012,"Jan,Apr,Jul,Oct",2011-11-01,2012-01-01,1,0,0,0,0,0,1
11,12,1070.0,01,1800,1,13,2010,"Jan,Apr,Jul,Oct",1800-01-01,2010-03-28,1,0,0,0,0,0,1
12,13,310.0,01,1800,1,45,2009,"Feb,May,Aug,Nov",1800-01-01,2009-11-08,0,0,0,1,1,0,0
13,14,1300.0,03,2014,1,40,2011,"Jan,Apr,Jul,Oct",2014-03-01,2011-10-02,1,0,0,0,1,0,0
14,15,4110.0,03,2010,1,14,2011,"Jan,Apr,Jul,Oct",2010-03-01,2011-04-03,0,0,0,1,0,0,1
15,16,3270.0,01,1800,0,01,1800,None,1800-01-01,1800-01-05,1,0,0,0,0,0,1
16,17,50.0,12,2005,1,26,2010,"Jan,Apr,Jul,Oct",2005-12-01,2010-06-27,1,0,0,0,1,0,0
17,18,13840.0,06,2010,1,14,2012,"Jan,Apr,Jul,Oct",2010-06-01,2012-04-01,0,0,0,1,0,0,1
18,19,3240.0,01,1800,1,22,2011,"Mar,Jun,Sept,Dec",1800-01-01,2011-05-29,1,0,0,0,0,0,1
19,20,2340.0,05,2009,1,40,2014,"Jan,Apr,Jul,Oct",2009-05-01,2014-10-05,0,0,0,1,1,0,0
20,21,550.0,10,1999,1,45,2009,"Jan,Apr,Jul,Oct",1999-10-01,2009-11-08,0,0,1,0,0,0,1
21,22,1040.0,01,1800,1,22,2012,"Jan,Apr,Jul,Oct",1800-01-01,2012-05-27,1,0,0,0,1,0,0
22,23,4060.0,08,2005,0,01,1800,None,2005-08-01,1800-01-05,0,0,0,1,1,0,0
23,24,4590.0,03,2000,1,40,2011,"Jan,Apr,Jul,Oct",2000-03-01,2011-10-02,1,0,0,0,0,0,1
24,25,430.0,04,2003,0,01,1800,None,2003-04-01,1800-01-05,0,0,1,0,1,0,0
25,26,2300.0,01,1800,0,01,1800,None,1800-01-01,1800-01-05,0,0,0,1,1,0,0
26,27,60.0,01,2005,1,05,2011,"Jan,Apr,Jul,Oct",2005-01-01,2011-01-30,1,0,0,0,1,0,0
27,28,1200.0,10,2014,1,06,2015,"Mar,Jun,Sept,Dec",2014-10-01,2015-02-08,1,0,0,0,1,0,0
28,29,2170.0,01,1800,0,01,1800,None,1800-01-01,1800-01-05,0,0,0,1,0,0,1
29,30,40.0,02,2014,1,10,2014,"Mar,Jun,Sept,Dec",2014-02-01,2014-03-09,1,0,0,0,1,0,0
30,31,9800.0,07,2012,0,01,1800,None,2012-07-01,1800-01-05,0,0,0,1,0,0,1
31,32,2910.0,01,1800,1,45,2009,"Feb,May,Aug,Nov",1800-01-01,2009-11-08,1,0,0,0,1,0,0
32,33,1320.0,05,2013,0,01,1800,None,2013-05-01,1800-01-05,1,0,0,0,0,0,1
33,34,2240.0,09,2009,0,01,1800,None,2009-09-01,1800-01-05,0,0,1,0,1,0,0
34,35,7660.0,10,2000,1,01,2012,"Jan,Apr,Jul,Oct",2000-10-01,2012-01-01,0,0,0,1,0,0,1
35,36,540.0,06,2003,1,40,2014,"Jan,Apr,Jul,Oct",2003-06-01,2014-10-05,1,0,0,0,0,0,1
36,37,4230.0,12,2014,0,01,1800,None,2014-12-01,1800-01-05,0,0,1,0,1,0,0
37,38,1090.0,04,2007,0,01,1800,None,2007-04-01,1800-01-05,0,0,0,1,1,0,0
38,39,260.0,10,2006,1,31,2013,"Feb,May,Aug,Nov",2006-10-01,2013-08-04,1,0,0,0,1,0,0
39,40,180.0,01,1800,1,45,2009,"Feb,May,Aug,Nov",1800-01-01,2009-11-08,1,0,0,0,1,0,0
40,41,1180.0,01,1800,1,31,2013,"Jan,Apr,Jul,Oct",1800-01-01,2013-08-04,0,0,0,1,0,0,1
41,42,290.0,01,1800,1,40,2011,"Jan,Apr,Jul,Oct",1800-01-01,2011-10-02,1,0,0,0,0,0,1
42,43,4880.0,01,1800,1,37,2009,"Jan,Apr,Jul,Oct",1800-01-01,2009-09-13,0,0,0,1,1,0,0
43,44,540.0,06,2011,0,01,1800,None,2011-06-01,1800-01-05,1,0,0,0,1,0,0
44,45,9710.0,02,2014,0,01,1800,None,2014-02-01,1800-01-05,0,0,0,1,1,0,0
45,46,1200.0,09,2005,1,14,2011,"Jan,Apr,Jul,Oct",2005-09-01,2011-04-03,0,0,1,0,1,0,0
46,47,270.0,04,2013,1,14,2013,"Jan,Apr,Jul,Oct",2013-04-01,2013-04-07,1,0,0,0,0,0,1
47,48,1060.0,05,2012,0,01,1800,None,2012-05-01,1800-01-05,1,0,0,0,1,0,0
48,49,18010.0,09,2007,0,01,1800,None,2007-09-01,1800-01-05,0,0,0,1,0,0,1
49,50,6260.0,11,2009,0,01,1800,None,2009-11-01,1800-01-05,0,0,0,1,1,0,0
50,51,10570.0,07,2013,1,09,2011,"Jan,Apr,Jul,Oct",2013-07-01,2011-02-27,1,0,0,0,0,0,1
51,52,450.0,04,2014,1,39,2010,"Jan,Apr,Jul,Oct",2014-04-01,2010-09-26,0,0,0,1,0,0,1
52,53,30360.0,09,2013,0,01,1800,None,2013-09-01,1800-01-05,1,0,0,0,0,0,1
53,54,7170.0,08,2014,1,05,2013,"Feb,May,Aug,Nov",2014-08-01,2013-02-03,0,0,0,1,0,0,1
54,55,720.0,11,2004,0,01,1800,None,2004-11-01,1800-01-05,1,0,0,0,1,0,0
55,56,6620.0,03,2012,1,10,2014,"Mar,Jun,Sept,Dec",2012-03-01,2014-03-09,0,0,0,1,0,0,1
56,57,420.0,06,2014,0,01,1800,None,2014-06-01,1800-01-05,0,0,0,1,0,0,1
57,58,7340.0,05,2008,1,27,2012,"Jan,Apr,Jul,Oct",2008-05-01,2012-07-01,1,0,0,0,0,0,1
58,59,2840.0,06,2007,1,14,2011,"Jan,Apr,Jul,Oct",2007-06-01,2011-04-03,1,0,0,0,0,0,1
59,60,5540.0,10,2009,0,01,1800,None,2009-10-01,1800-01-05,0,0,0,1,0,0,1
60,61,350.0,12,2007,1,01,2012,"Jan,Apr,Jul,Oct",2007-12-01,2012-01-01,1,0,0,0,0,0,1
61,62,2050.0,01,1800,0,01,1800,None,1800-01-01,1800-01-05,1,0,0,0,1,0,0
62,63,3700.0,06,2010,1,18,2010,"Feb,May,Aug,Nov",2010-06-01,2010-05-02,0,0,1,0,0,0,1
63,64,22560.0,01,1800,1,14,2013,"Jan,Apr,Jul,Oct",1800-01-01,2013-04-07,0,0,0,1,0,0,1
64,65,13840.0,05,2010,1,01,2012,"Jan,Apr,Jul,Oct",2010-05-01,2012-01-01,1,0,0,0,0,0,1
65,66,7660.0,01,1800,1,37,2009,"Jan,Apr,Jul,Oct",1800-01-01,2009-09-13,0,0,0,1,1,0,0
66,67,410.0,02,2006,0,01,1800,None,2006-02-01,1800-01-05,1,0,0,0,0,0,1
67,68,250.0,01,1800,1,35,2012,"Mar,Jun,Sept,Dec",1800-01-01,2012-08-26,1,0,0,0,0,0,1
68,69,1130.0,01,1800,1,40,2011,"Jan,Apr,Jul,Oct",1800-01-01,2011-10-02,0,0,1,0,0,0,1
69,70,4840.0,01,1800,0,01,1800,None,1800-01-01,1800-01-05,0,0,1,0,0,0,1
70,71,17500.0,08,2008,1,37,2009,"Mar,Jun,Sept,Dec",2008-08-01,2009-09-13,1,0,0,0,1,0,0
71,72,2200.0,12,2009,1,13,2010,"Jan,Apr,Jul,Oct",2009-12-01,2010-03-28,1,0,0,0,1,0,0
72,73,1650.0,09,2008,0,01,1800,None,2008-09-01,1800-01-05,1,0,0,0,0,0,1
73,74,330.0,01,1800,0,01,1800,None,1800-01-01,1800-01-05,1,0,0,0,1,0,0
74,75,22440.0,12,2013,0,01,1800,None,2013-12-01,1800-01-05,0,0,0,1,0,0,1
75,76,19960.0,03,2006,0,01,1800,None,2006-03-01,1800-01-05,0,0,0,1,0,0,1
76,77,1090.0,08,2009,1,10,2014,"Jan,Apr,Jul,Oct",2009-08-01,2014-03-09,0,0,0,1,0,0,1
77,78,3510.0,11,2006,1,05,2013,"Feb,May,Aug,Nov",2006-11-01,2013-02-03,1,0,0,0,1,0,0
78,79,3320.0,01,1800,0,01,1800,None,1800-01-01,1800-01-05,1,0,0,0,1,0,0
79,80,7910.0,01,1800,0,01,1800,None,1800-01-01,1800-01-05,0,0,0,1,1,0,0
80,81,2370.0,03,2011,1,40,2014,"Jan,Apr,Jul,Oct",2011-03-01,2014-10-05,1,0,0,0,1,0,0
81,82,22390.0,04,2008,1,37,2009,"Jan,Apr,Jul,Oct",2008-04-01,2009-09-13,1,0,0,0,1,0,0
82,83,2710.0,01,1800,0,01,1800,None,1800-01-01,1800-01-05,1,0,0,0,1,0,0
83,84,11810.0,08,2014,0,01,1800,None,2014-08-01,1800-01-05,1,0,0,0,0,0,1
84,85,1870.0,10,2011,0,01,1800,None,2011-10-01,1800-01-05,0,1,0,0,1,0,0
85,86,480.0,02,2005,1,31,2013,"Jan,Apr,Jul,Oct",2005-02-01,2013-08-04,1,0,0,0,1,0,0
86,87,560.0,12,2010,0,01,1800,None,2010-12-01,1800-01-05,1,0,0,0,1,0,0
87,88,10690.0,10,2005,0,01,1800,None,2005-10-01,1800-01-05,1,0,0,0,1,0,0
88,89,2380.0,07,2004,1,40,2014,"Jan,Apr,Jul,Oct",2004-07-01,2014-10-05,1,0,0,0,1,0,0
89,90,330.0,11,2007,0,01,1800,None,2007-11-01,1800-01-05,1,0,0,0,1,0,0
90,91,2410.0,01,1800,1,35,2011,"Jan,Apr,Jul,Oct",1800-01-01,2011-08-28,0,0,1,0,1,0,0
91,92,240.0,01,1800,1,45,2009,"Feb,May,Aug,Nov",1800-01-01,2009-11-08,0,0,1,0,1,0,0
92,93,16690.0,01,1800,1,14,2011,"Jan,Apr,Jul,Oct",1800-01-01,2011-04-03,1,0,0,0,1,0,0
93,94,14620.0,01,1800,0,01,1800,None,1800-01-01,1800-01-05,0,0,0,1,0,0,1
94,95,1890.0,10,2014,0,01,1800,None,2014-10-01,1800-01-05,1,0,0,0,1,0,0
95,96,8780.0,02,2005,1,37,2009,"Jan,Apr,Jul,Oct",2005-02-01,2009-09-13,1,0,0,0,1,0,0
96,97,8980.0,01,1800,0,01,1800,None,1800-01-01,1800-01-05,0,0,0,1,0,0,1
97,98,15140.0,12,2006,1,01,2012,"Jan,Apr,Jul,Oct",2006-12-01,2012-01-01,0,0,0,1,0,0,1
98,99,2030.0,11,2003,1,22,2012,"Mar,Jun,Sept,Dec",2003-11-01,2012-05-27,0,0,1,0,0,0,1
99,100,17930.0,01,1800,0,01,1800,None,1800-01-01,1800-01-05,0,0,0,1,1,0,0
100,101,2440.0,01,1800,1,22,2012,"Mar,Jun,Sept,Dec",1800-01-01,2012-05-27,0,0,0,1,0,0,1
101,102,150.0,12,2007,1,10,2014,"Mar,Jun,Sept,Dec",2007-12-01,2014-03-09,1,0,0,0,1,0,0
102,103,5210.0,05,2015,0,01,1800,None,2015-05-01,1800-01-05,0,0,0,1,0,0,1
103,104,390.0,06,2009,0,01,1800,None,2009-06-01,1800-01-05,1,0,0,0,1,0,0
104,105,6190.0,01,1800,1,23,2013,"Mar,Jun,Sept,Dec",1800-01-01,2013-06-09,1,0,0,0,0,0,1
105,106,1390.0,08,2013,0,01,1800,None,2013-08-01,1800-01-05,1,0,0,0,1,0,0
106,107,1930.0,09,2009,0,01,1800,None,2009-09-01,1800-01-05,1,0,0,0,1,0,0
107,108,2190.0,09,2003,0,01,1800,None,2003-09-01,1800-01-05,0,0,0,1,0,0,1
108,109,3300.0,11,2010,0,01,1800,None,2010-11-01,1800-01-05,1,0,0,0,0,0,1
109,110,46590.0,04,2013,0,01,1800,None,2013-04-01,1800-01-05,1,0,0,0,0,0,1
110,111,7890.0,01,1800,1,37,2009,"Jan,Apr,Jul,Oct",1800-01-01,2009-09-13,0,0,0,1,0,0,1
111,112,1630.0,09,2009,0,01,1800,None,2009-09-01,1800-01-05,1,0,0,0,1,0,0
112,113,20930.0,11,1999,0,01,1800,None,1999-11-01,1800-01-05,0,0,0,1,0,0,1
113,114,4510.0,01,1800,1,48,2011,"Mar,Jun,Sept,Dec",1800-01-01,2011-11-27,0,0,1,0,1,0,0
114,115,5740.0,04,2007,1,40,2014,"Jan,Apr,Jul,Oct",2007-04-01,2014-10-05,0,0,0,1,0,0,1
115,116,680.0,04,2013,0,01,1800,None,2013-04-01,1800-01-05,1,0,0,0,1,0,0
116,117,3450.0,09,2011,0,01,1800,None,2011-09-01,1800-01-05,1,0,0,0,1,0,0
117,118,3580.0,09,2012,0,01,1800,None,2012-09-01,1800-01-05,0,0,0,1,0,0,1
118,119,2100.0,02,2010,0,01,1800,None,2010-02-01,1800-01-05,1,0,0,0,0,0,1
119,120,2290.0,12,2014,1,37,2009,"Jan,Apr,Jul,Oct",2014-12-01,2009-09-13,0,0,0,1,1,0,0
120,121,3570.0,11,2009,1,36,2013,"Mar,Jun,Sept,Dec",2009-11-01,2013-09-08,1,0,0,0,1,0,0
121,122,58260.0,04,2013,0,01,1800,None,2013-04-01,1800-01-05,1,0,0,0,0,0,1
122,123,16760.0,09,2011,0,01,1800,None,2011-09-01,1800-01-05,1,0,0,0,1,0,0
123,124,1410.0,04,2003,0,01,1800,None,2003-04-01,1800-01-05,1,0,0,0,1,0,0
124,125,760.0,12,2005,0,01,1800,None,2005-12-01,1800-01-05,1,0,0,0,1,0,0
125,126,3370.0,10,2014,1,18,2011,"Feb,May,Aug,Nov",2014-10-01,2011-05-01,0,0,0,1,1,0,0
126,127,1350.0,12,2005,1,13,2010,"Jan,Apr,Jul,Oct",2005-12-01,2010-03-28,0,0,0,1,1,0,0
127,128,2000.0,01,1800,1,01,2013,"Jan,Apr,Jul,Oct",1800-01-01,2013-01-06,0,0,0,1,0,0,1
128,129,2460.0,01,1800,1,14,2011,"Jan,Apr,Jul,Oct",1800-01-01,2011-04-03,1,0,0,0,1,0,0
129,130,900.0,01,1800,1,13,2010,"Jan,Apr,Jul,Oct",1800-01-01,2010-03-28,0,0,1,0,1,0,0
130,131,920.0,07,2015,0,01,1800,None,2015-07-01,1800-01-05,0,0,1,0,1,0,0
131,132,1040.0,01,1800,1,27,2012,"Jan,Apr,Jul,Oct",1800-01-01,2012-07-01,0,0,0,1,0,0,1
132,133,270.0,08,2013,1,10,2014,"Mar,Jun,Sept,Dec",2013-08-01,2014-03-09,1,0,0,0,1,0,0
133,134,1200.0,09,2008,0,01,1800,None,2008-09-01,1800-01-05,1,0,0,0,1,0,0
134,135,5190.0,01,1800,1,01,2013,"Jan,Apr,Jul,Oct",1800-01-01,2013-01-06,0,0,0,1,1,0,0
135,136,2200.0,12,2010,1,22,2012,"Feb,May,Aug,Nov",2010-12-01,2012-05-27,1,0,0,0,0,0,1
136,137,1730.0,07,2015,1,40,2014,"Jan,Apr,Jul,Oct",2015-07-01,2014-10-05,1,0,0,0,1,0,0
137,138,25360.0,10,2014,0,01,1800,None,2014-10-01,1800-01-05,1,0,0,0,0,0,1
138,139,1700.0,01,2008,1,14,2011,"Jan,Apr,Jul,Oct",2008-01-01,2011-04-03,1,0,0,0,1,0,0
139,140,1090.0,07,2010,1,01,2013,"Jan,Apr,Jul,Oct",2010-07-01,2013-01-06,1,0,0,0,0,0,1
140,141,1540.0,01,1800,1,22,2012,"Mar,Jun,Sept,Dec",1800-01-01,2012-05-27,0,0,1,0,0,0,1
141,142,1090.0,07,2002,0,01,1800,None,2002-07-01,1800-01-05,1,0,0,0,1,0,0
142,143,2930.0,12,2002,0,01,1800,None,2002-12-01,1800-01-05,0,0,0,1,1,0,0
143,144,16570.0,01,1800,0,01,1800,None,1800-01-01,1800-01-05,1,0,0,0,0,0,1
144,145,280.0,01,1800,1,45,2009,"Feb,May,Aug,Nov",1800-01-01,2009-11-08,1,0,0,0,1,0,0
145,146,8050.0,10,1961,1,48,2012,"Jan,Apr,Jul,Oct",1961-10-01,2012-11-25,0,0,0,1,0,0,1
146,147,8540.0,01,1800,0,01,1800,None,1800-01-01,1800-01-05,0,0,0,1,0,0,1
147,148,2090.0,12,2008,0,01,1800,None,2008-12-01,1800-01-05,1,0,0,0,1,0,0
148,149,2610.0,07,2006,1,14,2011,"Jan,Apr,Jul,Oct",2006-07-01,2011-04-03,0,0,0,1,1,0,0
149,150,31830.0,03,2010,0,01,1800,None,2010-03-01,1800-01-05,0,0,1,0,0,0,1
150,151,4360.0,10,2005,0,01,1800,None,2005-10-01,1800-01-05,0,0,0,1,0,0,1
151,152,1780.0,01,1800,0,01,1800,None,1800-01-01,1800-01-05,1,0,0,0,1,0,0
152,153,16240.0,10,2000,1,18,2011,"Feb,May,Aug,Nov",2000-10-01,2011-05-01,1,0,0,0,1,0,0
153,154,16420.0,01,1800,0,01,1800,None,1800-01-01,1800-01-05,0,0,0,1,0,0,1
154,155,3050.0,01,1800,1,35,2010,"Jan,Apr,Jul,Oct",1800-01-01,2010-08-29,0,0,0,1,1,0,0
155,156,2020.0,02,2011,1,14,2011,"Mar,Jun,Sept,Dec",2011-02-01,2011-04-03,1,0,0,0,1,0,0
156,157,2950.0,10,2004,0,01,1800,None,2004-10-01,1800-01-05,1,0,0,0,0,0,1
157,158,11840.0,01,1800,1,31,2009,"Feb,May,Aug,Nov",1800-01-01,2009-08-02,0,0,0,1,0,0,1
158,159,8530.0,03,2013,0,01,1800,None,2013-03-01,1800-01-05,0,0,0,1,1,0,0
159,160,17110.0,11,2005,0,01,1800,None,2005-11-01,1800-01-05,0,0,0,1,0,0,1
160,161,2970.0,03,2005,0,01,1800,None,2005-03-01,1800-01-05,1,0,0,0,0,0,1
161,162,5340.0,03,2012,1,13,2010,"Jan,Apr,Jul,Oct",2012-03-01,2010-03-28,0,0,0,1,0,0,1
162,163,1480.0,04,2009,0,01,1800,None,2009-04-01,1800-01-05,1,0,0,0,1,0,0
163,164,1160.0,09,2005,1,13,2010,"Jan,Apr,Jul,Oct",2005-09-01,2010-03-28,1,0,0,0,1,0,0
164,165,3720.0,04,2005,1,13,2010,"Jan,Apr,Jul,Oct",2005-04-01,2010-03-28,1,0,0,0,1,0,0
165,166,100.0,04,2014,1,31,2013,"Jan,Apr,Jul,Oct",2014-04-01,2013-08-04,1,0,0,0,0,0,1
166,167,140.0,04,2008,0,01,1800,None,2008-04-01,1800-01-05,1,0,0,0,1,0,0
167,168,12540.0,01,1800,0,01,1800,None,1800-01-01,1800-01-05,1,0,0,0,1,0,0
168,169,980.0,07,2014,1,18,2014,"Feb,May,Aug,Nov",2014-07-01,2014-05-04,0,0,0,1,1,0,0
169,170,1070.0,05,2015,1,14,2011,"Jan,Apr,Jul,Oct",2015-05-01,2011-04-03,1,0,0,0,1,0,0
170,171,2640.0,01,1800,0,01,1800,None,1800-01-01,1800-01-05,1,0,0,0,1,0,0
171,172,110.0,01,1800,1,40,2014,"Jan,Apr,Jul,Oct",1800-01-01,2014-10-05,1,0,0,0,1,0,0
172,173,350.0,12,2012,0,01,1800,None,2012-12-01,1800-01-05,1,0,0,0,1,0,0
173,174,13090.0,01,1800,1,22,2012,"Jan,Apr,Jul,Oct",1800-01-01,2012-05-27,1,0,0,0,1,0,0
174,175,4130.0,01,1800,0,01,1800,None,1800-01-01,1800-01-05,0,0,1,0,1,0,0
175,176,3770.0,01,1800,0,01,1800,None,1800-01-01,1800-01-05,1,0,0,0,1,0,0
176,177,1250.0,02,2004,1,05,2013,"Feb,May,Aug,Nov",2004-02-01,2013-02-03,1,0,0,0,1,0,0
177,178,1710.0,01,1800,0,01,1800,None,1800-01-01,1800-01-05,0,0,0,1,1,0,0
178,179,480.0,01,1800,0,01,1800,None,1800-01-01,1800-01-05,1,0,0,0,0,0,1
179,180,5800.0,09,2010,0,01,1800,None,2010-09-01,1800-01-05,0,0,0,1,1,0,0
180,181,12610.0,03,2013,1,14,2011,"Jan,Apr,Jul,Oct",2013-03-01,2011-04-03,1,0,0,0,1,0,0
181,182,1390.0,01,1800,1,09,2011,"Mar,Jun,Sept,Dec",1800-01-01,2011-02-27,0,0,0,1,0,0,1
182,183,9670.0,01,1800,0,01,1800,None,1800-01-01,1800-01-05,1,0,0,0,1,0,0
183,184,3560.0,01,1800,0,01,1800,None,1800-01-01,1800-01-05,0,0,0,1,0,0,1
184,185,1860.0,05,2015,0,01,1800,None,2015-05-01,1800-01-05,0,0,0,1,0,0,1
185,186,290.0,10,2011,1,40,2014,"Jan,Apr,Jul,Oct",2011-10-01,2014-10-05,1,0,0,0,1,0,0
186,187,19360.0,01,1800,0,01,1800,None,1800-01-01,1800-01-05,1,0,0,0,0,0,1
187,188,850.0,01,1800,1,18,2011,"Feb,May,Aug,Nov",1800-01-01,2011-05-01,0,0,0,1,1,0,0
188,189,5760.0,07,2014,0,01,1800,None,2014-07-01,1800-01-05,0,0,0,1,1,0,0
189,190,1470.0,12,2006,1,40,2014,"Jan,Apr,Jul,Oct",2006-12-01,2014-10-05,1,0,0,0,1,0,0
190,191,1100.0,08,2013,1,40,2014,"Jan,Apr,Jul,Oct",2013-08-01,2014-10-05,1,0,0,0,1,0,0
191,192,2770.0,03,2008,1,40,2014,"Jan,Apr,Jul,Oct",2008-03-01,2014-10-05,0,0,0,1,0,0,1
192,193,520.0,01,1800,0,01,1800,None,1800-01-01,1800-01-05,1,0,0,0,1,0,0
193,194,16970.0,01,1800,1,05,2013,"Feb,May,Aug,Nov",1800-01-01,2013-02-03,0,0,0,1,0,0,1
194,195,220.0,01,1800,0,01,1800,None,1800-01-01,1800-01-05,1,0,0,0,0,0,1
195,196,3850.0,11,2005,1,14,2011,"Jan,Apr,Jul,Oct",2005-11-01,2011-04-03,0,0,1,0,1,0,0
196,197,4210.0,03,2015,0,01,1800,None,2015-03-01,1800-01-05,0,0,1,0,1,0,0
197,198,290.0,09,2002,1,13,2010,"Jan,Apr,Jul,Oct",2002-09-01,2010-03-28,1,0,0,0,1,0,0
198,199,6360.0,12,2010,1,14,2012,"Mar,Jun,Sept,Dec",2010-12-01,2012-04-01,0,0,0,1,0,0,1
199,200,1650.0,10,2000,0,01,1800,None,2000-10-01,1800-01-05,1,0,0,0,1,0,0
200,201,20260.0,01,1800,1,18,2014,"Mar,Jun,Sept,Dec",1800-01-01,2014-05-04,0,0,0,1,1,0,0
201,202,5140.0,05,2010,0,01,1800,None,2010-05-01,1800-01-05,0,0,0,1,0,0,1
202,203,490.0,11,2002,0,01,1800,None,2002-11-01,1800-01-05,0,0,1,0,0,0,1
203,204,5630.0,12,2002,1,40,2014,"Jan,Apr,Jul,Oct",2002-12-01,2014-10-05,1,0,0,0,1,0,0
204,205,110.0,12,2007,0,01,1800,None,2007-12-01,1800-01-05,1,0,0,0,1,0,0
205,206,380.0,01,1800,1,14,2012,"Jan,Apr,Jul,Oct",1800-01-01,2012-04-01,1,0,0,0,0,0,1
206,207,6870.0,01,1800,0,01,1800,None,1800-01-01,1800-01-05,1,0,0,0,1,0,0
207,208,300.0,04,2006,0,01,1800,None,2006-04-01,1800-01-05,0,0,1,0,1,0,0
208,209,11680.0,09,2011,1,31,2013,"Jan,Apr,Jul,Oct",2011-09-01,2013-08-04,1,0,0,0,0,0,1
209,210,970.0,11,1999,1,05,2013,"Feb,May,Aug,Nov",1999-11-01,2013-02-03,0,0,0,1,1,0,0
210,211,350.0,11,2006,0,01,1800,None,2006-11-01,1800-01-05,1,0,0,0,0,0,1
211,212,15050.0,09,2008,0,01,1800,None,2008-09-01,1800-01-05,1,0,0,0,0,0,1
212,213,4030.0,03,2014,1,01,2014,"Jan,Apr,Jul,Oct",2014-03-01,2014-01-05,0,0,0,1,0,0,1
213,214,8650.0,07,2013,1,10,2014,"Jan,Apr,Jul,Oct",2013-07-01,2014-03-09,0,0,0,1,1,0,0
214,215,150.0,01,1800,1,45,2009,"Feb,May,Aug,Nov",1800-01-01,2009-11-08,0,0,0,1,1,0,0
215,216,190.0,01,1800,1,45,2009,"Feb,May,Aug,Nov",1800-01-01,2009-11-08,0,0,1,0,1,0,0
216,217,3150.0,01,1800,0,01,1800,None,1800-01-01,1800-01-05,0,0,1,0,1,0,0
217,218,640.0,01,1800,1,09,2011,"Mar,Jun,Sept,Dec",1800-01-01,2011-02-27,1,0,0,0,0,0,1
218,219,1640.0,02,2013,0,01,1800,None,2013-02-01,1800-01-05,1,0,0,0,1,0,0
219,220,1000.0,09,2008,0,01,1800,None,2008-09-01,1800-01-05,1,0,0,0,1,0,0
220,221,13530.0,09,2013,0,01,1800,None,2013-09-01,1800-01-05,0,0,0,1,0,0,1
221,222,2170.0,11,2008,0,01,1800,None,2008-11-01,1800-01-05,1,0,0,0,1,0,0
222,223,2920.0,10,1995,1,27,2011,"Jan,Apr,Jul,Oct",1995-10-01,2011-07-03,0,0,0,1,0,0,1
223,224,7930.0,01,1800,1,01,2013,"Jan,Apr,Jul,Oct",1800-01-01,2013-01-06,0,0,0,1,0,0,1
224,225,10180.0,05,2015,0,01,1800,None,2015-05-01,1800-01-05,0,0,0,1,1,0,0
225,226,450.0,01,1800,0,01,1800,None,1800-01-01,1800-01-05,1,0,0,0,1,0,0
226,227,2370.0,01,1800,0,01,1800,None,1800-01-01,1800-01-05,1,0,0,0,1,0,0
227,228,10800.0,01,1800,1,18,2011,"Feb,May,Aug,Nov",1800-01-01,2011-05-01,0,0,0,1,0,0,1
228,229,17410.0,04,2007,1,14,2011,"Jan,Apr,Jul,Oct",2007-04-01,2011-04-03,0,0,0,1,0,0,1
229,230,6680.0,09,2013,0,01,1800,None,2013-09-01,1800-01-05,0,0,0,1,0,0,1
230,231,3840.0,10,2008,1,39,2010,"Feb,May,Aug,Nov",2008-10-01,2010-09-26,0,0,0,1,0,0,1
231,232,13570.0,05,2010,1,10,2013,"Mar,Jun,Sept,Dec",2010-05-01,2013-03-10,0,0,1,0,0,0,1
232,233,1890.0,01,1800,0,01,1800,None,1800-01-01,1800-01-05,1,0,0,0,1,0,0
233,234,4370.0,01,1800,0,01,1800,None,1800-01-01,1800-01-05,0,0,0,1,1,0,0
234,235,5710.0,03,2012,1,37,2009,"Jan,Apr,Jul,Oct",2012-03-01,2009-09-13,1,0,0,0,1,0,0
235,236,1000.0,11,2007,0,01,1800,None,2007-11-01,1800-01-05,1,0,0,0,1,0,0
236,237,1420.0,11,2007,0,01,1800,None,2007-11-01,1800-01-05,1,0,0,0,1,0,0
237,238,320.0,01,1800,1,45,2009,"Feb,May,Aug,Nov",1800-01-01,2009-11-08,1,0,0,0,1,0,0
238,239,610.0,01,1800,0,01,1800,None,1800-01-01,1800-01-05,0,0,0,1,0,0,1
239,240,1110.0,05,2009,0,01,1800,None,2009-05-01,1800-01-05,1,0,0,0,1,0,0
240,241,780.0,01,1800,0,01,1800,None,1800-01-01,1800-01-05,0,0,0,1,0,0,1
241,242,6880.0,09,2001,1,14,2011,"Jan,Apr,Jul,Oct",2001-09-01,2011-04-03,0,0,0,1,1,0,0
242,243,310.0,01,1800,1,05,2013,"Feb,May,Aug,Nov",1800-01-01,2013-02-03,1,0,0,0,1,0,0
243,244,710.0,03,2012,1,01,2012,"Jan,Apr,Jul,Oct",2012-03-01,2012-01-01,0,0,0,1,1,0,0
244,245,1310.0,01,1800,0,01,1800,None,1800-01-01,1800-01-05,1,0,0,0,0,0,1
245,246,4660.0,04,2013,0,01,1800,None,2013-04-01,1800-01-05,0,0,1,0,1,0,0
246,247,70.0,11,2010,1,05,2013,"Feb,May,Aug,Nov",2010-11-01,2013-02-03,0,0,0,1,0,0,1
247,248,340.0,09,2012,1,40,2012,"Jan,Apr,Jul,Oct",2012-09-01,2012-09-30,1,0,0,0,0,0,1
248,249,18010.0,09,2014,0,01,1800,None,2014-09-01,1800-01-05,0,0,0,1,0,0,1
249,250,3520.0,01,1800,1,18,2012,"Feb,May,Aug,Nov",1800-01-01,2012-04-29,0,0,0,1,1,0,0
250,251,340.0,01,1800,0,01,1800,None,1800-01-01,1800-01-05,1,0,0,0,0,0,1
251,252,22330.0,01,1800,1,05,2010,"Feb,May,Aug,Nov",1800-01-01,2010-01-31,0,0,0,1,0,0,1
252,253,250.0,01,1800,1,05,2013,"Feb,May,Aug,Nov",1800-01-01,2013-02-03,1,0,0,0,0,0,1
253,254,330.0,03,2008,1,01,2012,"Mar,Jun,Sept,Dec",2008-03-01,2012-01-01,0,0,0,1,1,0,0
254,255,4630.0,03,2011,1,35,2011,"Feb,May,Aug,Nov",2011-03-01,2011-08-28,0,0,1,0,0,0,1
255,256,80.0,09,2005,1,10,2014,"Mar,Jun,Sept,Dec",2005-09-01,2014-03-09,1,0,0,0,0,0,1
256,257,420.0,12,2012,0,01,1800,None,2012-12-01,1800-01-05,1,0,0,0,1,0,0
257,258,27190.0,07,2010,1,37,2009,"Jan,Apr,Jul,Oct",2010-07-01,2009-09-13,1,0,0,0,1,0,0
258,259,210.0,01,1800,0,01,1800,None,1800-01-01,1800-01-05,0,1,0,0,0,1,0
259,260,540.0,10,2011,0,01,1800,None,2011-10-01,1800-01-05,1,0,0,0,1,0,0
260,261,15340.0,04,2015,1,39,2009,"Jan,Apr,Jul,Oct",2015-04-01,2009-09-27,0,0,0,1,0,0,1
261,262,1180.0,05,2013,0,01,1800,None,2013-05-01,1800-01-05,0,1,0,0,1,0,0
262,263,1140.0,05,2013,1,40,2014,"Jan,Apr,Jul,Oct",2013-05-01,2014-10-05,1,0,0,0,0,0,1
263,264,180.0,03,2014,0,01,1800,None,2014-03-01,1800-01-05,1,0,0,0,1,0,0
264,265,4580.0,01,1800,1,14,2015,"Jan,Apr,Jul,Oct",1800-01-01,2015-04-05,1,0,0,0,1,0,0
265,266,360.0,03,2014,1,09,2011,"Mar,Jun,Sept,Dec",2014-03-01,2011-02-27,1,0,0,0,0,0,1
266,267,2460.0,01,2012,0,01,1800,None,2012-01-01,1800-01-05,0,0,1,0,1,0,0
267,268,4520.0,02,2014,0,01,1800,None,2014-02-01,1800-01-05,1,0,0,0,1,0,0
268,269,60.0,06,2015,0,01,1800,None,2015-06-01,1800-01-05,1,0,0,0,0,0,1
269,270,1450.0,07,2014,0,01,1800,None,2014-07-01,1800-01-05,1,0,0,0,1,0,0
270,271,420.0,01,1800,1,14,2011,"Jan,Apr,Jul,Oct",1800-01-01,2011-04-03,1,0,0,0,1,0,0
271,272,16180.0,07,2003,1,14,2011,"Jan,Apr,Jul,Oct",2003-07-01,2011-04-03,1,0,0,0,1,0,0
272,273,8480.0,01,1800,0,01,1800,None,1800-01-01,1800-01-05,1,0,0,0,0,0,1
273,274,3640.0,01,1800,1,10,2013,"Jan,Apr,Jul,Oct",1800-01-01,2013-03-10,0,1,0,0,0,1,0
274,275,300.0,05,2014,1,40,2014,"Jan,Apr,Jul,Oct",2014-05-01,2014-10-05,0,0,0,1,1,0,0
275,276,2960.0,10,2014,1,36,2013,"Mar,Jun,Sept,Dec",2014-10-01,2013-09-08,1,0,0,0,1,0,0
276,277,7840.0,01,1800,1,31,2009,"Feb,May,Aug,Nov",1800-01-01,2009-08-02,0,0,0,1,0,0,1
277,278,9260.0,02,2010,0,01,1800,None,2010-02-01,1800-01-05,1,0,0,0,0,0,1
278,279,2320.0,01,1800,1,40,2012,"Jan,Apr,Jul,Oct",1800-01-01,2012-09-30,0,0,0,1,0,0,1
279,280,18640.0,09,2013,1,10,2014,"Mar,Jun,Sept,Dec",2013-09-01,2014-03-09,0,0,0,1,0,0,1
280,281,6970.0,09,2011,0,01,1800,None,2011-09-01,1800-01-05,0,0,0,1,0,0,1
281,282,1220.0,12,2010,0,01,1800,None,2010-12-01,1800-01-05,1,0,0,0,1,0,0
282,283,2260.0,01,1800,1,40,2014,"Jan,Apr,Jul,Oct",1800-01-01,2014-10-05,1,0,0,0,1,0,0
283,284,1290.0,01,1800,1,40,2014,"Jan,Apr,Jul,Oct",1800-01-01,2014-10-05,0,0,0,1,1,0,0
284,285,2410.0,01,1800,0,01,1800,None,1800-01-01,1800-01-05,1,0,0,0,1,0,0
285,286,1460.0,04,2015,0,01,1800,None,2015-04-01,1800-01-05,1,0,0,0,1,0,0
286,287,2740.0,05,2009,1,40,2014,"Jan,Apr,Jul,Oct",2009-05-01,2014-10-05,0,0,1,0,1,0,0
287,288,800.0,01,1800,1,14,2011,"Mar,Jun,Sept,Dec",1800-01-01,2011-04-03,0,0,0,1,1,0,0
288,289,6540.0,12,2007,0,01,1800,None,2007-12-01,1800-01-05,0,0,0,1,1,0,0
289,290,4150.0,05,2001,0,01,1800,None,2001-05-01,1800-01-05,1,0,0,0,1,0,0
290,291,0.0,01,1800,0,01,1800,None,1800-01-01,1800-01-05,0,0,0,1,1,0,0
291,292,1100.0,06,2009,0,01,1800,None,2009-06-01,1800-01-05,1,0,0,0,1,0,0
292,293,140.0,11,2007,0,01,1800,None,2007-11-01,1800-01-05,0,0,1,0,0,0,1
293,294,3150.0,05,2005,0,01,1800,None,2005-05-01,1800-01-05,1,0,0,0,1,0,0
294,295,210.0,11,2000,1,36,2013,"Mar,Jun,Sept,Dec",2000-11-01,2013-09-08,1,0,0,0,1,0,0
295,296,9580.0,05,2007,1,45,2014,"Feb,May,Aug,Nov",2007-05-01,2014-11-09,1,0,0,0,1,0,0
296,297,2300.0,09,2010,0,01,1800,None,2010-09-01,1800-01-05,1,0,0,0,1,0,0
297,298,19840.0,07,2009,0,01,1800,None,2009-07-01,1800-01-05,0,0,0,1,1,0,0
298,299,38630.0,09,2012,0,01,1800,None,2012-09-01,1800-01-05,0,0,0,1,0,0,1
299,300,120.0,04,2009,1,01,2012,"Jan,Apr,Jul,Oct",2009-04-01,2012-01-01,1,0,0,0,0,0,1
300,301,4510.0,03,2015,0,01,1800,None,2015-03-01,1800-01-05,1,0,0,0,0,0,1
301,302,2190.0,12,2007,1,09,2011,"Mar,Jun,Sept,Dec",2007-12-01,2011-02-27,0,0,0,1,0,0,1
302,303,15430.0,11,2012,1,18,2011,"Feb,May,Aug,Nov",2012-11-01,2011-05-01,1,0,0,0,1,0,0
303,304,1950.0,07,2015,0,01,1800,None,2015-07-01,1800-01-05,1,0,0,0,1,0,0
304,305,2470.0,02,2005,1,31,2013,"Mar,Jun,Sept,Dec",2005-02-01,2013-08-04,0,0,1,0,0,0,1
305,306,5100.0,04,2007,1,40,2014,"Jan,Apr,Jul,Oct",2007-04-01,2014-10-05,1,0,0,0,1,0,0
306,307,18660.0,09,2002,0,01,1800,None,2002-09-01,1800-01-05,1,0,0,0,1,0,0
307,308,1070.0,12,2006,1,13,2010,"Jan,Apr,Jul,Oct",2006-12-01,2010-03-28,1,0,0,0,1,0,0
308,309,8740.0,01,1800,1,37,2009,"Feb,May,Aug,Nov",1800-01-01,2009-09-13,0,0,0,1,1,0,0
309,310,2290.0,01,1800,1,10,2014,"Mar,Jun,Sept,Dec",1800-01-01,2014-03-09,1,0,0,0,0,0,1
310,311,680.0,07,2005,0,01,1800,None,2005-07-01,1800-01-05,1,0,0,0,0,0,1
311,312,11300.0,03,2012,0,01,1800,None,2012-03-01,1800-01-05,0,0,0,1,1,0,0
312,313,14160.0,01,1800,0,01,1800,None,1800-01-01,1800-01-05,0,0,0,1,0,0,1
313,314,3560.0,10,2001,1,31,2013,"Feb,May,Aug,Nov",2001-10-01,2013-08-04,1,0,0,0,1,0,0
314,315,38710.0,04,2013,0,01,1800,None,2013-04-01,1800-01-05,1,0,0,0,0,0,1
315,316,9000.0,08,2001,0,01,1800,None,2001-08-01,1800-01-05,0,0,0,1,1,0,0
316,317,3140.0,07,2013,1,14,2011,"Jan,Apr,Jul,Oct",2013-07-01,2011-04-03,0,0,0,1,1,0,0
317,318,32330.0,03,2014,0,01,1800,None,2014-03-01,1800-01-05,0,0,0,1,0,0,1
318,319,570.0,09,2012,1,27,2012,"Mar,Jun,Sept,Dec",2012-09-01,2012-07-01,1,0,0,0,0,0,1
319,320,210.0,09,2012,0,01,1800,None,2012-09-01,1800-01-05,1,0,0,0,0,0,1
320,321,8140.0,11,2013,1,10,2014,"Mar,Jun,Sept,Dec",2013-11-01,2014-03-09,0,0,1,0,0,0,1
321,322,17500.0,04,2001,1,37,2009,"Jan,Apr,Jul,Oct",2001-04-01,2009-09-13,1,0,0,0,1,0,0
322,323,8400.0,04,2012,1,05,2013,"Feb,May,Aug,Nov",2012-04-01,2013-02-03,0,0,0,1,0,0,1
323,324,13140.0,01,1800,1,14,2011,"Jan,Apr,Jul,Oct",1800-01-01,2011-04-03,1,0,0,0,1,0,0
324,325,350.0,03,2011,1,22,2011,"Feb,May,Aug,Nov",2011-03-01,2011-05-29,1,0,0,0,0,0,1
325,326,10070.0,05,2015,1,31,2013,"Feb,May,Aug,Nov",2015-05-01,2013-08-04,0,0,0,1,1,0,0
326,327,1390.0,12,2004,0,01,1800,None,2004-12-01,1800-01-05,0,0,1,0,0,0,1
327,328,3130.0,07,2002,0,01,1800,None,2002-07-01,1800-01-05,1,0,0,0,1,0,0
328,329,1310.0,06,1990,1,22,2012,"Mar,Jun,Sept,Dec",1990-06-01,2012-05-27,1,0,0,0,1,0,0
329,330,370.0,01,1800,1,22,2012,"Mar,Jun,Sept,Dec",1800-01-01,2012-05-27,1,0,0,0,0,0,1
330,331,670.0,01,1800,1,14,2015,"Jan,Apr,Jul,Oct",1800-01-01,2015-04-05,1,0,0,0,0,0,1
331,332,1840.0,03,2006,0,01,1800,None,2006-03-01,1800-01-05,1,0,0,0,1,0,0
332,333,3720.0,02,2010,0,01,1800,None,2010-02-01,1800-01-05,1,0,0,0,0,0,1
333,334,4040.0,08,2008,1,18,2013,"Mar,Jun,Sept,Dec",2008-08-01,2013-05-05,0,0,0,1,0,0,1
334,335,90.0,01,1800,1,31,2013,"Jan,Apr,Jul,Oct",1800-01-01,2013-08-04,0,1,0,0,1,0,0
335,336,190.0,07,2014,0,01,1800,None,2014-07-01,1800-01-05,1,0,0,0,1,0,0
336,337,10600.0,07,2005,1,45,2014,"Feb,May,Aug,Nov",2005-07-01,2014-11-09,0,0,0,1,0,0,1
337,338,1590.0,01,1800,1,37,2009,"Jan,Apr,Jul,Oct",1800-01-01,2009-09-13,1,0,0,0,0,0,1
338,339,2280.0,01,1800,1,10,2013,"Mar,Jun,Sept,Dec",1800-01-01,2013-03-10,1,0,0,0,0,0,1
339,340,8080.0,01,1800,0,01,1800,None,1800-01-01,1800-01-05,1,0,0,0,0,0,1
340,341,190.0,09,2011,0,01,1800,None,2011-09-01,1800-01-05,1,0,0,0,1,0,0
341,342,15770.0,01,1800,1,40,2014,"Jan,Apr,Jul,Oct",1800-01-01,2014-10-05,0,0,0,1,0,0,1
342,343,18650.0,04,2004,1,14,2014,"Jan,Apr,Jul,Oct",2004-04-01,2014-04-06,0,0,0,1,1,0,0
343,344,300.0,04,2011,1,14,2011,"Jan,Apr,Jul,Oct",2011-04-01,2011-04-03,1,0,0,0,0,0,1
344,345,120.0,01,1800,1,22,2012,"Jan,Apr,Jul,Oct",1800-01-01,2012-05-27,1,0,0,0,1,0,0
345,346,8090.0,01,1800,0,01,1800,None,1800-01-01,1800-01-05,1,0,0,0,0,0,1
346,347,9360.0,07,2013,1,22,2012,"Mar,Jun,Sept,Dec",2013-07-01,2012-05-27,0,0,0,1,0,0,1
347,348,16490.0,01,1800,1,22,2012,"Jan,Apr,Jul,Oct",1800-01-01,2012-05-27,1,0,0,0,1,0,0
348,349,1490.0,04,2009,0,01,1800,None,2009-04-01,1800-01-05,0,0,1,0,0,0,1
349,350,8880.0,01,1800,1,14,2011,"Jan,Apr,Jul,Oct",1800-01-01,2011-04-03,0,0,0,1,1,0,0
350,351,5290.0,11,2012,1,05,2013,"Feb,May,Aug,Nov",2012-11-01,2013-02-03,1,0,0,0,1,0,0
351,352,6360.0,01,1800,1,40,2012,"Mar,Jun,Sept,Dec",1800-01-01,2012-09-30,0,0,0,1,0,0,1
352,353,900.0,01,1800,1,14,2013,"Feb,May,Aug,Nov",1800-01-01,2013-04-07,0,1,0,0,0,1,0
353,354,1500.0,10,2005,0,01,1800,None,2005-10-01,1800-01-05,0,0,0,1,0,0,1
354,355,9720.0,08,2013,0,01,1800,None,2013-08-01,1800-01-05,1,0,0,0,0,0,1
355,356,8970.0,12,2007,1,22,2012,"Feb,May,Aug,Nov",2007-12-01,2012-05-27,0,0,0,1,0,0,1
356,357,2060.0,10,2008,0,01,1800,None,2008-10-01,1800-01-05,1,0,0,0,1,0,0
357,358,2890.0,10,2003,0,01,1800,None,2003-10-01,1800-01-05,1,0,0,0,1,0,0
358,359,4370.0,01,1800,0,01,1800,None,1800-01-01,1800-01-05,0,0,0,1,0,0,1
359,360,2040.0,06,2007,0,01,1800,None,2007-06-01,1800-01-05,1,0,0,0,1,0,0
360,361,4490.0,05,2014,1,05,2013,"Feb,May,Aug,Nov",2014-05-01,2013-02-03,0,0,1,0,0,0,1
361,362,340.0,01,1800,0,01,1800,None,1800-01-01,1800-01-05,0,0,1,0,0,0,1
362,363,250.0,09,2009,0,01,1800,None,2009-09-01,1800-01-05,1,0,0,0,1,0,0
363,364,13620.0,01,1800,1,10,2014,"Mar,Jun,Sept,Dec",1800-01-01,2014-03-09,1,0,0,0,0,0,1
364,365,2410.0,01,1800,1,45,2009,"Feb,May,Aug,Nov",1800-01-01,2009-11-08,0,0,1,0,1,0,0
365,366,6470.0,12,2004,0,01,1800,None,2004-12-01,1800-01-05,0,0,0,1,0,0,1
366,367,2640.0,09,2012,0,01,1800,None,2012-09-01,1800-01-05,0,0,0,1,0,0,1
367,368,1450.0,04,2005,1,45,2009,"Feb,May,Aug,Nov",2005-04-01,2009-11-08,0,0,0,1,0,0,1
368,369,5870.0,04,2014,0,01,1800,None,2014-04-01,1800-01-05,0,0,0,1,0,0,1
369,370,8250.0,10,2000,1,31,2009,"Jan,Apr,Jul,Oct",2000-10-01,2009-08-02,0,0,0,1,1,0,0
370,371,1970.0,07,2009,1,45,2014,"Feb,May,Aug,Nov",2009-07-01,2014-11-09,0,0,0,1,0,0,1
371,372,4880.0,08,2010,1,18,2014,"Jan,Apr,Jul,Oct",2010-08-01,2014-05-04,0,0,0,1,0,0,1
372,373,11120.0,01,1800,1,22,2012,"Jan,Apr,Jul,Oct",1800-01-01,2012-05-27,0,0,0,1,0,0,1
373,374,1150.0,09,2007,0,01,1800,None,2007-09-01,1800-01-05,1,0,0,0,1,0,0
374,375,15710.0,02,2013,1,37,2009,"Jan,Apr,Jul,Oct",2013-02-01,2009-09-13,1,0,0,0,0,0,1
375,376,160.0,08,2012,0,01,1800,None,2012-08-01,1800-01-05,1,0,0,0,1,0,0
376,377,100.0,06,2010,1,18,2010,"Feb,May,Aug,Nov",2010-06-01,2010-05-02,1,0,0,0,0,0,1
377,378,2140.0,08,2012,0,01,1800,None,2012-08-01,1800-01-05,1,0,0,0,0,0,1
378,379,6630.0,01,1800,0,01,1800,None,1800-01-01,1800-01-05,0,0,0,1,1,0,0
379,380,2240.0,05,2013,1,10,2014,"Mar,Jun,Sept,Dec",2013-05-01,2014-03-09,1,0,0,0,1,0,0
380,381,1800.0,11,2006,1,05,2013,"Feb,May,Aug,Nov",2006-11-01,2013-02-03,1,0,0,0,1,0,0
381,382,26130.0,11,2002,0,01,1800,None,2002-11-01,1800-01-05,0,0,1,0,0,0,1
382,383,350.0,01,1800,0,01,1800,None,1800-01-01,1800-01-05,1,0,0,0,0,0,1
383,384,130.0,01,1800,1,14,2011,"Jan,Apr,Jul,Oct",1800-01-01,2011-04-03,1,0,0,0,0,0,1
384,385,4580.0,09,2007,0,01,1800,None,2007-09-01,1800-01-05,0,0,0,1,1,0,0
385,386,1460.0,04,2014,1,31,2013,"Jan,Apr,Jul,Oct",2014-04-01,2013-08-04,0,0,0,1,0,0,1
386,387,210.0,01,1800,1,36,2013,"Mar,Jun,Sept,Dec",1800-01-01,2013-09-08,0,0,1,0,1,0,0
387,388,2260.0,01,1800,0,01,1800,None,1800-01-01,1800-01-05,1,0,0,0,1,0,0
388,389,6690.0,08,2011,0,01,1800,None,2011-08-01,1800-01-05,1,0,0,0,0,0,1
389,390,1600.0,04,2009,0,01,1800,None,2009-04-01,1800-01-05,1,0,0,0,0,0,1
390,391,460.0,11,2014,1,31,2013,"Feb,May,Aug,Nov",2014-11-01,2013-08-04,1,0,0,0,1,0,0
391,392,2120.0,01,1800,0,01,1800,None,1800-01-01,1800-01-05,1,0,0,0,1,0,0
392,393,4820.0,03,2008,0,01,1800,None,2008-03-01,1800-01-05,0,0,0,1,0,0,1
393,394,10850.0,01,1800,0,01,1800,None,1800-01-01,1800-01-05,0,0,0,1,1,0,0
394,395,3620.0,02,2013,0,01,1800,None,2013-02-01,1800-01-05,1,0,0,0,1,0,0
395,396,23130.0,01,1800,0,01,1800,None,1800-01-01,1800-01-05,1,0,0,0,0,0,1
396,397,130.0,01,1800,1,27,2013,"Feb,May,Aug,Nov",1800-01-01,2013-07-07,1,0,0,0,0,0,1
397,398,1540.0,01,1800,1,01,2012,"Jan,Apr,Jul,Oct",1800-01-01,2012-01-01,0,0,1,0,0,0,1
398,399,5360.0,09,2012,1,40,2011,"Jan,Apr,Jul,Oct",2012-09-01,2011-10-02,1,0,0,0,1,0,0
399,400,70.0,11,2004,1,14,2011,"Jan,Apr,Jul,Oct",2004-11-01,2011-04-03,1,0,0,0,1,0,0
400,401,9200.0,10,2009,1,14,2012,"Jan,Apr,Jul,Oct",2009-10-01,2012-04-01,1,0,0,0,0,0,1
401,402,5830.0,09,2011,1,13,2010,"Jan,Apr,Jul,Oct",2011-09-01,2010-03-28,0,0,1,0,0,0,1
402,403,4970.0,07,2015,0,01,1800,None,2015-07-01,1800-01-05,1,0,0,0,1,0,0
403,404,1420.0,01,1800,1,10,2013,"Mar,Jun,Sept,Dec",1800-01-01,2013-03-10,1,0,0,0,0,0,1
404,405,1080.0,04,2008,1,14,2011,"Jan,Apr,Jul,Oct",2008-04-01,2011-04-03,1,0,0,0,1,0,0
405,406,8240.0,03,2001,1,10,2013,"Feb,May,Aug,Nov",2001-03-01,2013-03-10,0,0,0,1,0,0,1
406,407,5890.0,10,2003,1,14,2011,"Feb,May,Aug,Nov",2003-10-01,2011-04-03,1,0,0,0,1,0,0
407,408,1560.0,01,1800,1,45,2009,"Feb,May,Aug,Nov",1800-01-01,2009-11-08,0,0,1,0,1,0,0
408,409,840.0,01,1800,1,01,2013,"Jan,Apr,Jul,Oct",1800-01-01,2013-01-06,0,0,0,1,0,0,1
409,410,40.0,11,2011,1,22,2012,"Mar,Jun,Sept,Dec",2011-11-01,2012-05-27,0,0,1,0,1,0,0
410,411,8460.0,01,1800,0,01,1800,None,1800-01-01,1800-01-05,0,0,0,1,0,0,1
411,412,4460.0,01,1800,1,39,2010,"Jan,Apr,Jul,Oct",1800-01-01,2010-09-26,0,0,0,1,0,0,1
412,413,760.0,09,2014,0,01,1800,None,2014-09-01,1800-01-05,1,0,0,0,0,0,1
413,414,6210.0,01,1800,1,01,2013,"Jan,Apr,Jul,Oct",1800-01-01,2013-01-06,0,0,0,1,0,0,1
414,415,6910.0,04,2005,0,01,1800,None,2005-04-01,1800-01-05,0,0,0,1,0,0,1
415,416,4650.0,06,2014,0,01,1800,None,2014-06-01,1800-01-05,1,0,0,0,0,0,1
416,417,840.0,01,1800,1,10,2014,"Jan,Apr,Jul,Oct",1800-01-01,2014-03-09,1,0,0,0,0,0,1
417,418,1060.0,05,2009,1,27,2011,"Feb,May,Aug,Nov",2009-05-01,2011-07-03,1,0,0,0,1,0,0
418,419,1620.0,09,2009,0,01,1800,None,2009-09-01,1800-01-05,0,0,1,0,1,0,0
419,420,250.0,01,1800,1,27,2012,"Jan,Apr,Jul,Oct",1800-01-01,2012-07-01,0,0,0,1,0,0,1
420,421,3530.0,06,2012,1,35,2012,"Mar,Jun,Sept,Dec",2012-06-01,2012-08-26,0,0,1,0,0,0,1
421,422,2880.0,01,1800,0,01,1800,None,1800-01-01,1800-01-05,1,0,0,0,0,0,1
422,423,1270.0,05,2014,0,01,1800,None,2014-05-01,1800-01-05,0,1,0,0,1,0,0
423,424,1250.0,01,1800,1,40,2011,"Jan,Apr,Jul,Oct",1800-01-01,2011-10-02,0,0,0,1,0,0,1
424,425,1460.0,01,1800,0,01,1800,None,1800-01-01,1800-01-05,0,0,0,1,0,0,1
425,426,250.0,01,1800,0,01,1800,None,1800-01-01,1800-01-05,1,0,0,0,1,0,0
426,427,70.0,07,2005,1,13,2010,"Jan,Apr,Jul,Oct",2005-07-01,2010-03-28,1,0,0,0,0,0,1
427,428,2960.0,12,2014,1,23,2015,"Mar,Jun,Sept,Dec",2014-12-01,2015-06-07,0,0,0,1,1,0,0
428,429,16350.0,07,2005,1,31,2013,"Jan,Apr,Jul,Oct",2005-07-01,2013-08-04,0,0,0,1,0,0,1
429,430,12870.0,10,2008,0,01,1800,None,2008-10-01,1800-01-05,0,0,0,1,0,0,1
430,431,4520.0,01,1800,0,01,1800,None,1800-01-01,1800-01-05,0,0,0,1,0,0,1
431,432,810.0,05,2013,0,01,1800,None,2013-05-01,1800-01-05,1,0,0,0,1,0,0
432,433,30030.0,11,2010,0,01,1800,None,2010-11-01,1800-01-05,1,0,0,0,0,0,1
433,434,13020.0,08,2003,1,40,2014,"Jan,Apr,Jul,Oct",2003-08-01,2014-10-05,1,0,0,0,1,0,0
434,435,910.0,01,1800,0,01,1800,None,1800-01-01,1800-01-05,1,0,0,0,1,0,0
435,436,2300.0,01,1800,0,01,1800,None,1800-01-01,1800-01-05,0,0,0,1,1,0,0
436,437,430.0,01,1800,1,50,2010,"Jan,Apr,Jul,Oct",1800-01-01,2010-12-12,0,0,1,0,0,0,1
437,438,1110.0,01,1800,1,40,2012,"Jan,Apr,Jul,Oct",1800-01-01,2012-09-30,0,0,0,1,0,0,1
438,439,1350.0,09,2009,0,01,1800,None,2009-09-01,1800-01-05,1,0,0,0,1,0,0
439,440,3900.0,04,2005,1,45,2009,"Feb,May,Aug,Nov",2005-04-01,2009-11-08,0,0,0,1,1,0,0
440,441,2530.0,01,1800,0,01,1800,None,1800-01-01,1800-01-05,0,0,0,1,1,0,0
441,442,500.0,01,1800,1,45,2009,"Feb,May,Aug,Nov",1800-01-01,2009-11-08,0,0,1,0,1,0,0
442,443,11400.0,12,2005,0,01,1800,None,2005-12-01,1800-01-05,0,0,0,1,1,0,0
443,444,1700.0,11,2009,0,01,1800,None,2009-11-01,1800-01-05,0,0,1,0,1,0,0
444,445,240.0,01,1800,0,01,1800,None,1800-01-01,1800-01-05,1,0,0,0,1,0,0
445,446,340.0,10,2000,1,31,2013,"Feb,May,Aug,Nov",2000-10-01,2013-08-04,1,0,0,0,1,0,0
446,447,1510.0,09,2013,0,01,1800,None,2013-09-01,1800-01-05,1,0,0,0,0,0,1
447,448,3970.0,09,2009,0,01,1800,None,2009-09-01,1800-01-05,1,0,0,0,0,0,1
448,449,120.0,12,2014,1,37,2009,"Jan,Apr,Jul,Oct",2014-12-01,2009-09-13,1,0,0,0,0,0,1
449,450,5780.0,11,1994,1,10,2014,"Mar,Jun,Sept,Dec",1994-11-01,2014-03-09,0,0,1,0,1,0,0
450,451,2460.0,04,2009,1,13,2010,"Jan,Apr,Jul,Oct",2009-04-01,2010-03-28,1,0,0,0,1,0,0
451,452,1850.0,08,2013,1,05,2011,"Feb,May,Aug,Nov",2013-08-01,2011-01-30,1,0,0,0,0,0,1
452,453,75860.0,01,1800,0,01,1800,None,1800-01-01,1800-01-05,1,0,0,0,0,0,1
453,454,26450.0,01,1800,0,01,1800,None,1800-01-01,1800-01-05,1,0,0,0,1,0,0
454,455,7660.0,09,2010,0,01,1800,None,2010-09-01,1800-01-05,0,0,0,1,0,0,1
455,456,140.0,01,1800,0,01,1800,None,1800-01-01,1800-01-05,1,0,0,0,0,0,1
456,457,13140.0,01,1800,1,31,2013,"Jan,Apr,Jul,Oct",1800-01-01,2013-08-04,0,0,0,1,0,0,1
457,458,3390.0,01,1800,0,01,1800,None,1800-01-01,1800-01-05,0,0,1,0,1,0,0
458,459,250.0,09,2008,1,05,2013,"Feb,May,Aug,Nov",2008-09-01,2013-02-03,1,0,0,0,1,0,0
459,460,34050.0,04,2008,0,01,1800,None,2008-04-01,1800-01-05,1,0,0,0,1,0,0
460,461,1790.0,07,2013,1,40,2013,"Jan,Apr,Jul,Oct",2013-07-01,2013-10-06,0,0,0,1,0,0,1
461,462,44320.0,08,2008,0,01,1800,None,2008-08-01,1800-01-05,1,0,0,0,1,0,0
462,463,4160.0,01,1800,0,01,1800,None,1800-01-01,1800-01-05,1,0,0,0,1,0,0
463,464,520.0,03,2009,0,01,1800,None,2009-03-01,1800-01-05,0,0,1,0,1,0,0
464,465,10890.0,04,2005,0,01,1800,None,2005-04-01,1800-01-05,0,0,0,1,0,0,1
465,466,3110.0,03,2003,0,01,1800,None,2003-03-01,1800-01-05,1,0,0,0,0,0,1
466,467,20390.0,04,2008,0,01,1800,None,2008-04-01,1800-01-05,1,0,0,0,0,0,1
467,468,5260.0,09,2012,0,01,1800,None,2012-09-01,1800-01-05,0,0,1,0,0,0,1
468,469,710.0,09,2005,0,01,1800,None,2005-09-01,1800-01-05,0,0,1,0,0,0,1
469,470,50.0,01,1800,0,01,1800,None,1800-01-01,1800-01-05,1,0,0,0,0,0,1
470,471,5300.0,01,1800,1,45,2009,"Feb,May,Aug,Nov",1800-01-01,2009-11-08,0,0,0,1,1,0,0
471,472,5030.0,08,2011,0,01,1800,None,2011-08-01,1800-01-05,0,0,1,0,0,0,1
472,473,50.0,01,1800,0,01,1800,None,1800-01-01,1800-01-05,1,0,0,0,1,0,0
473,474,14810.0,01,1800,1,14,2011,"Mar,Jun,Sept,Dec",1800-01-01,2011-04-03,0,0,1,0,1,0,0
474,475,140.0,09,2005,0,01,1800,None,2005-09-01,1800-01-05,1,0,0,0,1,0,0
475,476,8300.0,09,2006,0,01,1800,None,2006-09-01,1800-01-05,0,0,0,1,1,0,0
476,477,770.0,07,2010,1,35,2010,"Jan,Apr,Jul,Oct",2010-07-01,2010-08-29,0,0,0,1,1,0,0
477,478,1940.0,03,2012,0,01,1800,None,2012-03-01,1800-01-05,0,0,0,1,0,0,1
478,479,320.0,12,2005,1,09,2011,"Feb,May,Aug,Nov",2005-12-01,2011-02-27,1,0,0,0,1,0,0
479,480,300.0,11,2012,0,01,1800,None,2012-11-01,1800-01-05,1,0,0,0,1,0,0
480,481,7470.0,01,1800,1,44,2012,"Feb,May,Aug,Nov",1800-01-01,2012-10-28,0,0,1,0,0,0,1
481,482,2550.0,10,2005,0,01,1800,None,2005-10-01,1800-01-05,0,0,1,0,1,0,0
482,483,2310.0,09,2011,1,13,2010,"Jan,Apr,Jul,Oct",2011-09-01,2010-03-28,1,0,0,0,0,0,1
483,484,14300.0,03,2011,0,01,1800,None,2011-03-01,1800-01-05,1,0,0,0,0,0,1
484,485,3270.0,01,1800,1,22,2012,"Jan,Apr,Jul,Oct",1800-01-01,2012-05-27,0,0,0,1,0,0,1
485,486,2320.0,01,1800,1,31,2013,"Jan,Apr,Jul,Oct",1800-01-01,2013-08-04,1,0,0,0,1,0,0
486,487,2180.0,09,2012,1,40,2012,"Jan,Apr,Jul,Oct",2012-09-01,2012-09-30,0,0,0,1,0,0,1
487,488,2890.0,04,2014,0,01,1800,None,2014-04-01,1800-01-05,1,0,0,0,0,0,1
488,489,14960.0,11,2013,1,37,2009,"Jan,Apr,Jul,Oct",2013-11-01,2009-09-13,1,0,0,0,1,0,0
489,490,660.0,04,2013,1,40,2014,"Jan,Apr,Jul,Oct",2013-04-01,2014-10-05,1,0,0,0,1,0,0
490,491,4680.0,01,1800,1,22,2012,"Mar,Jun,Sept,Dec",1800-01-01,2012-05-27,0,0,0,1,0,0,1
491,492,1740.0,03,2008,1,40,2012,"Jan,Apr,Jul,Oct",2008-03-01,2012-09-30,1,0,0,0,1,0,0
492,493,1150.0,01,1800,1,14,2011,"Jan,Apr,Jul,Oct",1800-01-01,2011-04-03,0,0,0,1,0,0,1
493,494,1260.0,06,2011,0,01,1800,None,2011-06-01,1800-01-05,0,1,0,0,1,0,0
494,495,5470.0,01,1800,1,37,2009,"Jan,Apr,Jul,Oct",1800-01-01,2009-09-13,0,0,0,1,1,0,0
495,496,2780.0,06,2015,0,01,1800,None,2015-06-01,1800-01-05,0,0,0,1,0,0,1
496,497,1610.0,01,1800,0,01,1800,None,1800-01-01,1800-01-05,1,0,0,0,0,0,1
497,498,990.0,01,1800,1,40,2014,"Jan,Apr,Jul,Oct",1800-01-01,2014-10-05,1,0,0,0,1,0,0
498,499,450.0,01,1800,1,05,2013,"Feb,May,Aug,Nov",1800-01-01,2013-02-03,0,0,1,0,0,0,1
499,500,10690.0,09,2007,1,05,2013,"Jan,Apr,Jul,Oct",2007-09-01,2013-02-03,0,0,0,1,0,0,1
500,501,1620.0,09,2006,0,01,1800,None,2006-09-01,1800-01-05,1,0,0,0,0,0,1
501,502,220.0,02,2002,1,37,2009,"Jan,Apr,Jul,Oct",2002-02-01,2009-09-13,1,0,0,0,1,0,0
502,503,13080.0,09,2006,1,14,2011,"Jan,Apr,Jul,Oct",2006-09-01,2011-04-03,0,0,0,1,0,0,1
503,504,820.0,01,1800,0,01,1800,None,1800-01-01,1800-01-05,0,0,1,0,0,0,1
504,505,350.0,01,1800,1,05,2013,"Feb,May,Aug,Nov",1800-01-01,2013-02-03,1,0,0,0,1,0,0
505,506,1850.0,12,2014,1,18,2011,"Feb,May,Aug,Nov",2014-12-01,2011-05-01,1,0,0,0,1,0,0
506,507,9070.0,04,2011,1,37,2009,"Jan,Apr,Jul,Oct",2011-04-01,2009-09-13,1,0,0,0,0,0,1
507,508,1280.0,01,1800,1,40,2011,"Jan,Apr,Jul,Oct",1800-01-01,2011-10-02,1,0,0,0,0,0,1
508,509,4740.0,07,2008,1,37,2009,"Jan,Apr,Jul,Oct",2008-07-01,2009-09-13,1,0,0,0,1,0,0
509,510,8260.0,01,1800,0,01,1800,None,1800-01-01,1800-01-05,1,0,0,0,0,0,1
510,511,2060.0,09,2009,0,01,1800,None,2009-09-01,1800-01-05,1,0,0,0,1,0,0
511,512,590.0,01,1800,1,05,2013,"Mar,Jun,Sept,Dec",1800-01-01,2013-02-03,0,1,0,0,0,1,0
512,513,400.0,08,2013,0,01,1800,None,2013-08-01,1800-01-05,1,0,0,0,1,0,0
513,514,1200.0,07,2012,1,27,2012,"Jan,Apr,Jul,Oct",2012-07-01,2012-07-01,0,0,1,0,0,0,1
514,515,11260.0,01,1800,1,09,2011,"Feb,May,Aug,Nov",1800-01-01,2011-02-27,0,0,0,1,0,0,1
515,516,20.0,01,1800,1,35,2010,"Mar,Jun,Sept,Dec",1800-01-01,2010-08-29,1,0,0,0,0,0,1
516,517,22490.0,01,1800,0,01,1800,None,1800-01-01,1800-01-05,1,0,0,0,0,0,1
517,518,3330.0,03,2015,1,13,2010,"Jan,Apr,Jul,Oct",2015-03-01,2010-03-28,0,0,0,1,0,0,1
518,519,2510.0,08,2009,1,01,2012,"Jan,Apr,Jul,Oct",2009-08-01,2012-01-01,0,0,1,0,0,0,1
519,520,6900.0,01,1800,1,40,2012,"Mar,Jun,Sept,Dec",1800-01-01,2012-09-30,1,0,0,0,0,0,1
520,521,18610.0,11,2002,1,48,2011,"Mar,Jun,Sept,Dec",2002-11-01,2011-11-27,0,0,0,1,1,0,0
521,522,7160.0,11,2012,1,09,2011,"Jan,Apr,Jul,Oct",2012-11-01,2011-02-27,0,0,0,1,0,0,1
522,523,50.0,11,2013,0,01,1800,None,2013-11-01,1800-01-05,0,0,1,0,0,0,1
523,524,40860.0,09,2013,0,01,1800,None,2013-09-01,1800-01-05,1,0,0,0,0,0,1
524,525,1870.0,09,2013,0,01,1800,None,2013-09-01,1800-01-05,0,0,0,1,0,0,1
525,526,120.0,01,1800,1,48,2011,"Mar,Jun,Sept,Dec",1800-01-01,2011-11-27,1,0,0,0,1,0,0
526,527,5830.0,04,2008,0,01,1800,None,2008-04-01,1800-01-05,0,0,0,1,0,0,1
527,528,20620.0,01,1800,1,37,2009,"Jan,Apr,Jul,Oct",1800-01-01,2009-09-13,1,0,0,0,0,0,1
528,529,12920.0,09,2012,0,01,1800,None,2012-09-01,1800-01-05,0,0,0,1,0,0,1
529,530,18160.0,01,1800,0,01,1800,None,1800-01-01,1800-01-05,1,0,0,0,0,0,1
530,531,4030.0,01,1800,0,01,1800,None,1800-01-01,1800-01-05,1,0,0,0,0,0,1
531,532,1070.0,08,2010,0,01,1800,None,2010-08-01,1800-01-05,1,0,0,0,0,0,1
532,533,5950.0,01,1800,0,01,1800,None,1800-01-01,1800-01-05,1,0,0,0,0,0,1
533,534,1200.0,09,2009,1,45,2009,"Jan,Apr,Jul,Oct",2009-09-01,2009-11-08,0,0,0,1,1,0,0
534,535,3570.0,04,2007,0,01,1800,None,2007-04-01,1800-01-05,1,0,0,0,1,0,0
535,536,4700.0,09,2002,1,31,2013,"Feb,May,Aug,Nov",2002-09-01,2013-08-04,1,0,0,0,0,0,1
536,537,600.0,05,2002,1,01,2012,"Jan,Apr,Jul,Oct",2002-05-01,2012-01-01,1,0,0,0,1,0,0
537,538,990.0,02,2010,0,01,1800,None,2010-02-01,1800-01-05,1,0,0,0,1,0,0
538,539,770.0,05,2013,1,40,2014,"Jan,Apr,Jul,Oct",2013-05-01,2014-10-05,1,0,0,0,1,0,0
539,540,810.0,01,1800,1,48,2012,"Jan,Apr,Jul,Oct",1800-01-01,2012-11-25,0,0,0,1,0,0,1
540,541,650.0,07,1990,0,01,1800,None,1990-07-01,1800-01-05,1,0,0,0,0,0,1
541,542,7280.0,09,2012,1,01,2013,"Jan,Apr,Jul,Oct",2012-09-01,2013-01-06,1,0,0,0,1,0,0
542,543,1080.0,12,2012,0,01,1800,None,2012-12-01,1800-01-05,0,0,1,0,1,0,0
543,544,250.0,12,2001,1,13,2010,"Jan,Apr,Jul,Oct",2001-12-01,2010-03-28,1,0,0,0,1,0,0
544,545,5020.0,05,2006,1,18,2014,"Feb,May,Aug,Nov",2006-05-01,2014-05-04,1,0,0,0,0,0,1
545,546,580.0,01,2005,0,01,1800,None,2005-01-01,1800-01-05,1,0,0,0,1,0,0
546,547,8990.0,11,2009,1,35,2010,"Mar,Jun,Sept,Dec",2009-11-01,2010-08-29,0,0,0,1,0,0,1
547,548,3760.0,02,2009,0,01,1800,None,2009-02-01,1800-01-05,0,0,0,1,0,0,1
548,549,2330.0,01,1800,0,01,1800,None,1800-01-01,1800-01-05,1,0,0,0,0,0,1
549,550,50.0,06,2015,0,01,1800,None,2015-06-01,1800-01-05,0,0,0,1,0,0,1
550,551,2190.0,09,2013,0,01,1800,None,2013-09-01,1800-01-05,1,0,0,0,0,0,1
551,552,4260.0,07,2008,1,37,2009,"Jan,Apr,Jul,Oct",2008-07-01,2009-09-13,1,0,0,0,1,0,0
552,553,3040.0,09,2002,1,13,2010,"Jan,Apr,Jul,Oct",2002-09-01,2010-03-28,0,0,1,0,1,0,0
553,554,1200.0,01,1800,0,01,1800,None,1800-01-01,1800-01-05,0,0,1,0,0,0,1
554,555,1560.0,01,2014,1,10,2013,"Mar,Jun,Sept,Dec",2014-01-01,2013-03-10,0,0,0,1,1,0,0
555,556,1140.0,11,2014,0,01,1800,None,2014-11-01,1800-01-05,0,0,0,1,0,0,1
556,557,250.0,01,1800,0,01,1800,None,1800-01-01,1800-01-05,1,0,0,0,1,0,0
557,558,3000.0,02,2010,0,01,1800,None,2010-02-01,1800-01-05,1,0,0,0,1,0,0
558,559,3910.0,11,2006,1,05,2013,"Feb,May,Aug,Nov",2006-11-01,2013-02-03,0,0,0,1,1,0,0
559,560,1910.0,07,2013,0,01,1800,None,2013-07-01,1800-01-05,0,0,1,0,0,0,1
560,561,14300.0,01,1800,0,01,1800,None,1800-01-01,1800-01-05,0,0,0,1,1,0,0
561,562,1210.0,01,1800,0,01,1800,None,1800-01-01,1800-01-05,0,1,0,0,0,0,1
562,563,700.0,03,2015,1,10,2014,"Jan,Apr,Jul,Oct",2015-03-01,2014-03-09,1,0,0,0,1,0,0
563,564,6540.0,01,1800,1,14,2013,"Jan,Apr,Jul,Oct",1800-01-01,2013-04-07,0,0,0,1,0,0,1
564,565,160.0,07,2007,0,01,1800,None,2007-07-01,1800-01-05,1,0,0,0,0,0,1
565,566,3620.0,01,1800,1,40,2013,"Jan,Apr,Jul,Oct",1800-01-01,2013-10-06,1,0,0,0,1,0,0
566,567,1010.0,09,2012,1,18,2011,"Feb,May,Aug,Nov",2012-09-01,2011-05-01,0,0,1,0,1,0,0
567,568,4270.0,01,1800,1,01,2013,"Jan,Apr,Jul,Oct",1800-01-01,2013-01-06,0,0,0,1,0,0,1
568,569,1340.0,09,2006,0,01,1800,None,2006-09-01,1800-01-05,1,0,0,0,1,0,0
569,570,180.0,11,2006,0,01,1800,None,2006-11-01,1800-01-05,1,0,0,0,1,0,0
570,571,2110.0,11,1995,1,40,2014,"Jan,Apr,Jul,Oct",1995-11-01,2014-10-05,0,0,0,1,1,0,0
571,572,9230.0,04,2004,1,37,2009,"Jan,Apr,Jul,Oct",2004-04-01,2009-09-13,0,0,0,1,0,0,1
572,573,1190.0,11,2012,1,36,2013,"Jan,Apr,Jul,Oct",2012-11-01,2013-09-08,1,0,0,0,1,0,0
573,574,4400.0,01,1800,0,01,1800,None,1800-01-01,1800-01-05,0,0,0,1,1,0,0
574,575,960.0,05,2008,1,13,2010,"Jan,Apr,Jul,Oct",2008-05-01,2010-03-28,1,0,0,0,1,0,0
575,576,50.0,11,2006,0,01,1800,None,2006-11-01,1800-01-05,0,0,1,0,1,0,0
576,577,2270.0,01,1800,1,35,2012,"Mar,Jun,Sept,Dec",1800-01-01,2012-08-26,1,0,0,0,0,0,1
577,578,12700.0,04,2013,0,01,1800,None,2013-04-01,1800-01-05,0,0,0,1,1,0,0
578,579,20970.0,11,2012,0,01,1800,None,2012-11-01,1800-01-05,0,0,1,0,1,0,0
579,580,170.0,02,2009,0,01,1800,None,2009-02-01,1800-01-05,1,0,0,0,0,0,1
580,581,7250.0,12,2013,0,01,1800,None,2013-12-01,1800-01-05,1,0,0,0,1,0,0
581,582,120.0,01,1800,0,01,1800,None,1800-01-01,1800-01-05,1,0,0,0,1,0,0
582,583,2640.0,11,2002,0,01,1800,None,2002-11-01,1800-01-05,1,0,0,0,1,0,0
583,584,1360.0,01,1800,1,35,2010,"Mar,Jun,Sept,Dec",1800-01-01,2010-08-29,0,0,0,1,1,0,0
584,585,440.0,04,2014,0,01,1800,None,2014-04-01,1800-01-05,0,0,0,1,0,0,1
585,586,250.0,10,2008,0,01,1800,None,2008-10-01,1800-01-05,1,0,0,0,0,0,1
586,587,330.0,09,2006,1,14,2011,"Jan,Apr,Jul,Oct",2006-09-01,2011-04-03,0,0,0,1,0,0,1
587,588,15720.0,03,2010,0,01,1800,None,2010-03-01,1800-01-05,0,0,0,1,0,0,1
588,589,360.0,01,1800,1,18,2013,"Feb,May,Aug,Nov",1800-01-01,2013-05-05,1,0,0,0,0,0,1
589,590,4520.0,09,2010,1,31,2013,"Jan,Apr,Jul,Oct",2010-09-01,2013-08-04,0,0,0,1,0,0,1
590,591,3340.0,01,1800,1,22,2012,"Mar,Jun,Sept,Dec",1800-01-01,2012-05-27,1,0,0,0,0,0,1
591,592,2540.0,06,2005,0,01,1800,None,2005-06-01,1800-01-05,1,0,0,0,1,0,0
592,593,33060.0,03,2010,0,01,1800,None,2010-03-01,1800-01-05,1,0,0,0,0,0,1
593,594,1790.0,10,2011,0,01,1800,None,2011-10-01,1800-01-05,1,0,0,0,1,0,0
594,595,1130.0,06,2015,0,01,1800,None,2015-06-01,1800-01-05,0,0,1,0,0,0,1
595,596,290.0,09,2006,0,01,1800,None,2006-09-01,1800-01-05,0,0,1,0,1,0,0
596,597,150.0,09,2008,1,01,2012,"Mar,Jun,Sept,Dec",2008-09-01,2012-01-01,1,0,0,0,1,0,0
597,598,550.0,12,2013,1,40,2014,"Jan,Apr,Jul,Oct",2013-12-01,2014-10-05,0,0,1,0,1,0,0
598,599,580.0,11,2014,0,01,1800,None,2014-11-01,1800-01-05,0,0,0,1,0,0,1
599,600,17340.0,06,2010,1,09,2011,"Feb,May,Aug,Nov",2010-06-01,2011-02-27,0,0,0,1,0,0,1
600,601,8220.0,04,2014,1,14,2011,"Jan,Apr,Jul,Oct",2014-04-01,2011-04-03,0,0,0,1,1,0,0
601,602,2710.0,07,2001,1,22,2012,"Mar,Jun,Sept,Dec",2001-07-01,2012-05-27,1,0,0,0,1,0,0
602,603,340.0,04,2007,1,13,2010,"Jan,Apr,Jul,Oct",2007-04-01,2010-03-28,1,0,0,0,1,0,0
603,604,10950.0,03,2014,0,01,1800,None,2014-03-01,1800-01-05,0,0,0,1,1,0,0
604,605,10310.0,04,2003,1,37,2009,"Jan,Apr,Jul,Oct",2003-04-01,2009-09-13,0,0,0,1,1,0,0
605,606,2260.0,11,2007,0,01,1800,None,2007-11-01,1800-01-05,1,0,0,0,1,0,0
606,607,350.0,08,1999,1,14,2011,"Jan,Apr,Jul,Oct",1999-08-01,2011-04-03,1,0,0,0,1,0,0
607,608,18370.0,02,2013,1,14,2011,"Jan,Apr,Jul,Oct",2013-02-01,2011-04-03,1,0,0,0,0,0,1
608,609,2070.0,09,2007,0,01,1800,None,2007-09-01,1800-01-05,1,0,0,0,1,0,0
609,610,660.0,01,2007,0,01,1800,None,2007-01-01,1800-01-05,1,0,0,0,1,0,0
610,611,8080.0,12,2002,1,40,2014,"Jan,Apr,Jul,Oct",2002-12-01,2014-10-05,1,0,0,0,1,0,0
611,612,2490.0,11,2012,1,31,2009,"Jan,Apr,Jul,Oct",2012-11-01,2009-08-02,0,0,0,1,0,0,1
612,613,250.0,06,2007,1,14,2011,"Jan,Apr,Jul,Oct",2007-06-01,2011-04-03,0,0,1,0,1,0,0
613,614,1160.0,12,2012,0,01,1800,None,2012-12-01,1800-01-05,1,0,0,0,1,0,0
614,615,730.0,08,2007,0,01,1800,None,2007-08-01,1800-01-05,0,0,0,1,1,0,0
615,616,3040.0,08,2011,1,35,2010,"Mar,Jun,Sept,Dec",2011-08-01,2010-08-29,1,0,0,0,0,0,1
616,617,8940.0,01,1800,1,09,2011,"Jan,Apr,Jul,Oct",1800-01-01,2011-02-27,1,0,0,0,0,0,1
617,618,9910.0,01,1800,0,01,1800,None,1800-01-01,1800-01-05,0,0,0,1,0,0,1
618,619,1600.0,06,2006,1,45,2009,"Feb,May,Aug,Nov",2006-06-01,2009-11-08,1,0,0,0,1,0,0
619,620,5440.0,01,1800,1,40,2014,"Jan,Apr,Jul,Oct",1800-01-01,2014-10-05,0,0,0,1,0,0,1
620,621,30.0,07,2002,0,01,1800,None,2002-07-01,1800-01-05,1,0,0,0,1,0,0
621,622,0.0,01,1800,0,01,1800,None,1800-01-01,1800-01-05,1,0,0,0,0,0,1
622,623,4080.0,03,2011,1,13,2010,"Jan,Apr,Jul,Oct",2011-03-01,2010-03-28,1,0,0,0,1,0,0
623,624,6920.0,09,2011,0,01,1800,None,2011-09-01,1800-01-05,1,0,0,0,0,0,1
624,625,1170.0,04,2011,1,22,2012,"Feb,May,Aug,Nov",2011-04-01,2012-05-27,1,0,0,0,1,0,0
625,626,10740.0,11,2013,0,01,1800,None,2013-11-01,1800-01-05,0,0,1,0,0,0,1
626,627,3970.0,03,2010,0,01,1800,None,2010-03-01,1800-01-05,0,0,1,0,0,0,1
627,628,2180.0,01,1800,0,01,1800,None,1800-01-01,1800-01-05,1,0,0,0,0,0,1
628,629,510.0,07,2014,1,23,2015,"Mar,Jun,Sept,Dec",2014-07-01,2015-06-07,0,0,0,1,1,0,0
629,630,1690.0,04,2015,0,01,1800,None,2015-04-01,1800-01-05,1,0,0,0,1,0,0
630,631,2870.0,01,1800,1,35,2012,"Mar,Jun,Sept,Dec",1800-01-01,2012-08-26,0,0,0,1,0,0,1
631,632,3350.0,02,2010,0,01,1800,None,2010-02-01,1800-01-05,1,0,0,0,1,0,0
632,633,11640.0,04,2005,1,22,2011,"Jan,Apr,Jul,Oct",2005-04-01,2011-05-29,0,0,0,1,1,0,0
633,634,18610.0,01,1800,0,01,1800,None,1800-01-01,1800-01-05,0,0,0,1,1,0,0
634,635,27530.0,04,2014,0,01,1800,None,2014-04-01,1800-01-05,1,0,0,0,1,0,0
635,636,720.0,10,2004,1,13,2010,"Jan,Apr,Jul,Oct",2004-10-01,2010-03-28,0,0,1,0,1,0,0
636,637,9790.0,01,1800,1,31,2009,"Feb,May,Aug,Nov",1800-01-01,2009-08-02,0,0,0,1,0,0,1
637,638,10170.0,11,2001,0,01,1800,None,2001-11-01,1800-01-05,0,0,0,1,1,0,0
638,639,7780.0,11,2006,0,01,1800,None,2006-11-01,1800-01-05,1,0,0,0,1,0,0
639,640,8040.0,01,1800,0,01,1800,None,1800-01-01,1800-01-05,0,0,0,1,0,0,1
640,641,610.0,12,2003,1,36,2013,"Mar,Jun,Sept,Dec",2003-12-01,2013-09-08,1,0,0,0,0,0,1
641,642,530.0,04,2005,1,35,2010,"Mar,Jun,Sept,Dec",2005-04-01,2010-08-29,0,0,1,0,0,0,1
642,643,230.0,06,2010,1,18,2010,"Feb,May,Aug,Nov",2010-06-01,2010-05-02,1,0,0,0,1,0,0
643,644,4030.0,12,2004,1,14,2011,"Jan,Apr,Jul,Oct",2004-12-01,2011-04-03,0,0,1,0,1,0,0
644,645,90.0,01,1800,1,45,2009,"Feb,May,Aug,Nov",1800-01-01,2009-11-08,1,0,0,0,1,0,0
645,646,620.0,09,2014,0,01,1800,None,2014-09-01,1800-01-05,1,0,0,0,1,0,0
646,647,7420.0,04,2013,0,01,1800,None,2013-04-01,1800-01-05,1,0,0,0,0,0,1
647,648,2130.0,12,2008,0,01,1800,None,2008-12-01,1800-01-05,0,0,0,1,1,0,0
648,649,14570.0,11,2002,0,01,1800,None,2002-11-01,1800-01-05,1,0,0,0,1,0,0
649,650,1420.0,10,2012,1,40,2014,"Jan,Apr,Jul,Oct",2012-10-01,2014-10-05,1,0,0,0,1,0,0
650,651,200.0,01,1800,0,01,1800,None,1800-01-01,1800-01-05,1,0,0,0,1,0,0
651,652,20390.0,01,1800,0,01,1800,None,1800-01-01,1800-01-05,1,0,0,0,1,0,0
652,653,7520.0,07,2014,1,45,2009,"Feb,May,Aug,Nov",2014-07-01,2009-11-08,0,0,0,1,0,0,1
653,654,6930.0,09,2006,0,01,1800,None,2006-09-01,1800-01-05,0,0,1,0,1,0,0
654,655,960.0,11,2012,1,05,2013,"Feb,May,Aug,Nov",2012-11-01,2013-02-03,0,0,0,1,0,0,1
655,656,410.0,04,2009,1,13,2010,"Jan,Apr,Jul,Oct",2009-04-01,2010-03-28,0,0,0,1,1,0,0
656,657,80.0,01,2006,1,10,2014,"Jan,Apr,Jul,Oct",2006-01-01,2014-03-09,0,0,1,0,0,0,1
657,658,520.0,01,1800,1,37,2009,"Jan,Apr,Jul,Oct",1800-01-01,2009-09-13,0,0,0,1,0,0,1
658,659,1590.0,03,2012,0,01,1800,None,2012-03-01,1800-01-05,0,0,0,1,1,0,0
659,660,1200.0,11,2006,1,40,2014,"Jan,Apr,Jul,Oct",2006-11-01,2014-10-05,1,0,0,0,1,0,0
660,661,2140.0,07,2013,0,01,1800,None,2013-07-01,1800-01-05,0,0,0,1,0,0,1
661,662,1070.0,01,1800,0,01,1800,None,1800-01-01,1800-01-05,0,0,0,1,1,0,0
662,663,7860.0,05,2005,0,01,1800,None,2005-05-01,1800-01-05,1,0,0,0,0,0,1
663,664,1680.0,10,2005,0,01,1800,None,2005-10-01,1800-01-05,0,0,0,1,0,0,1
664,665,90.0,12,2012,1,14,2011,"Jan,Apr,Jul,Oct",2012-12-01,2011-04-03,1,0,0,0,1,0,0
665,666,2700.0,01,1800,1,09,2011,"Mar,Jun,Sept,Dec",1800-01-01,2011-02-27,0,0,1,0,0,0,1
666,667,2870.0,09,2012,0,01,1800,None,2012-09-01,1800-01-05,0,0,0,1,0,0,1
667,668,1270.0,09,2010,0,01,1800,None,2010-09-01,1800-01-05,0,0,1,0,1,0,0
668,669,17080.0,07,2012,1,31,2013,"Jan,Apr,Jul,Oct",2012-07-01,2013-08-04,0,0,0,1,1,0,0
669,670,2060.0,01,1800,1,45,2009,"Feb,May,Aug,Nov",1800-01-01,2009-11-08,1,0,0,0,1,0,0
670,671,2070.0,02,2008,1,39,2010,"Jan,Apr,Jul,Oct",2008-02-01,2010-09-26,1,0,0,0,0,0,1
671,672,240.0,09,2002,0,01,1800,None,2002-09-01,1800-01-05,0,0,1,0,1,0,0
672,673,15170.0,01,1800,1,05,2013,"Feb,May,Aug,Nov",1800-01-01,2013-02-03,0,0,0,1,0,0,1
673,674,2640.0,12,2005,1,31,2013,"Feb,May,Aug,Nov",2005-12-01,2013-08-04,1,0,0,0,1,0,0
674,675,2100.0,08,2013,1,14,2011,"Jan,Apr,Jul,Oct",2013-08-01,2011-04-03,1,0,0,0,1,0,0
675,676,1410.0,09,2008,0,01,1800,None,2008-09-01,1800-01-05,0,1,0,0,0,1,0
676,677,1740.0,06,2014,1,45,2009,"Feb,May,Aug,Nov",2014-06-01,2009-11-08,0,0,0,1,1,0,0
677,678,3250.0,01,1800,1,40,2011,"Jan,Apr,Jul,Oct",1800-01-01,2011-10-02,0,0,1,0,1,0,0
678,679,4140.0,09,2012,0,01,1800,None,2012-09-01,1800-01-05,1,0,0,0,1,0,0
679,680,170.0,01,1800,1,35,2012,"Mar,Jun,Sept,Dec",1800-01-01,2012-08-26,0,0,1,0,1,0,0
680,681,620.0,01,1800,1,01,2014,"Mar,Jun,Sept,Dec",1800-01-01,2014-01-05,1,0,0,0,0,0,1
681,682,150.0,09,2006,0,01,1800,None,2006-09-01,1800-01-05,0,1,0,0,1,0,0
682,683,2850.0,07,2014,0,01,1800,None,2014-07-01,1800-01-05,1,0,0,0,1,0,0
683,684,680.0,01,1800,1,22,2012,"Jan,Apr,Jul,Oct",1800-01-01,2012-05-27,0,0,0,1,0,0,1
684,685,650.0,11,2013,1,37,2009,"Jan,Apr,Jul,Oct",2013-11-01,2009-09-13,1,0,0,0,1,0,0
685,686,20050.0,04,2002,0,01,1800,None,2002-04-01,1800-01-05,1,0,0,0,1,0,0
686,687,2770.0,01,1800,0,01,1800,None,1800-01-01,1800-01-05,0,0,0,1,0,0,1
687,688,18760.0,08,2015,1,14,2011,"Jan,Apr,Jul,Oct",2015-08-01,2011-04-03,1,0,0,0,1,0,0
688,689,15040.0,10,2004,0,01,1800,None,2004-10-01,1800-01-05,0,0,0,1,1,0,0
689,690,100.0,01,1800,0,01,1800,None,1800-01-01,1800-01-05,1,0,0,0,1,0,0
690,691,3030.0,01,1800,1,37,2009,"Jan,Apr,Jul,Oct",1800-01-01,2009-09-13,0,0,0,1,0,0,1
691,692,40.0,08,2001,0,01,1800,None,2001-08-01,1800-01-05,1,0,0,0,1,0,0
692,693,450.0,01,1800,1,40,2011,"Jan,Apr,Jul,Oct",1800-01-01,2011-10-02,0,0,0,1,1,0,0
693,694,460.0,11,2012,1,40,2014,"Jan,Apr,Jul,Oct",2012-11-01,2014-10-05,1,0,0,0,0,0,1
694,695,550.0,07,2011,1,01,2012,"Jan,Apr,Jul,Oct",2011-07-01,2012-01-01,1,0,0,0,1,0,0
695,696,430.0,01,1800,0,01,1800,None,1800-01-01,1800-01-05,1,0,0,0,0,0,1
696,697,3780.0,01,1800,1,40,2011,"Jan,Apr,Jul,Oct",1800-01-01,2011-10-02,0,0,0,1,1,0,0
697,698,1790.0,05,2011,0,01,1800,None,2011-05-01,1800-01-05,1,0,0,0,1,0,0
698,699,180.0,01,1800,1,05,2013,"Jan,Apr,Jul,Oct",1800-01-01,2013-02-03,1,0,0,0,1,0,0
699,700,830.0,01,1800,1,27,2013,"Jan,Apr,Jul,Oct",1800-01-01,2013-07-07,1,0,0,0,0,0,1
700,701,1450.0,03,2012,1,14,2011,"Jan,Apr,Jul,Oct",2012-03-01,2011-04-03,0,0,0,1,1,0,0
701,702,8550.0,09,2001,1,45,2009,"Feb,May,Aug,Nov",2001-09-01,2009-11-08,1,0,0,0,1,0,0
702,703,80.0,06,2005,0,01,1800,None,2005-06-01,1800-01-05,1,0,0,0,1,0,0
703,704,1910.0,04,2009,0,01,1800,None,2009-04-01,1800-01-05,0,0,0,1,0,0,1
704,705,4140.0,09,2012,1,18,2011,"Feb,May,Aug,Nov",2012-09-01,2011-05-01,1,0,0,0,1,0,0
705,706,7830.0,09,2014,1,10,2014,"Mar,Jun,Sept,Dec",2014-09-01,2014-03-09,0,0,0,1,1,0,0
706,707,2900.0,07,1990,0,01,1800,None,1990-07-01,1800-01-05,1,0,0,0,0,0,1
707,708,11470.0,10,2009,1,18,2014,"Jan,Apr,Jul,Oct",2009-10-01,2014-05-04,0,0,1,0,0,0,1
708,709,500.0,12,2010,0,01,1800,None,2010-12-01,1800-01-05,1,0,0,0,1,0,0
709,710,1500.0,09,2008,1,14,2011,"Jan,Apr,Jul,Oct",2008-09-01,2011-04-03,0,0,0,1,1,0,0
710,711,17110.0,03,2007,1,05,2010,"Jan,Apr,Jul,Oct",2007-03-01,2010-01-31,0,0,0,1,1,0,0
711,712,4870.0,09,2007,1,45,2009,"Jan,Apr,Jul,Oct",2007-09-01,2009-11-08,1,0,0,0,1,0,0
712,713,220.0,01,1800,1,10,2014,"Jan,Apr,Jul,Oct",1800-01-01,2014-03-09,1,0,0,0,0,0,1
713,714,12070.0,10,2005,1,10,2013,"Jan,Apr,Jul,Oct",2005-10-01,2013-03-10,0,0,0,1,0,0,1
714,715,14810.0,06,2014,0,01,1800,None,2014-06-01,1800-01-05,1,0,0,0,1,0,0
715,716,3200.0,01,2008,1,22,2011,"Jan,Apr,Jul,Oct",2008-01-01,2011-05-29,0,0,0,1,1,0,0
716,717,310.0,01,1800,1,40,2011,"Jan,Apr,Jul,Oct",1800-01-01,2011-10-02,0,0,0,1,0,0,1
717,718,1100.0,06,2015,0,01,1800,None,2015-06-01,1800-01-05,1,0,0,0,1,0,0
718,719,8190.0,01,1800,1,45,2009,"Feb,May,Aug,Nov",1800-01-01,2009-11-08,0,0,1,0,0,0,1
719,720,15320.0,03,2011,1,14,2013,"Feb,May,Aug,Nov",2011-03-01,2013-04-07,1,0,0,0,0,0,1
720,721,3590.0,09,2012,1,22,2012,"Mar,Jun,Sept,Dec",2012-09-01,2012-05-27,1,0,0,0,0,0,1
721,722,50.0,01,1800,0,01,1800,None,1800-01-01,1800-01-05,1,0,0,0,1,0,0
722,723,5650.0,09,2008,1,05,2013,"Feb,May,Aug,Nov",2008-09-01,2013-02-03,0,0,0,1,0,0,1
723,724,5900.0,01,1800,0,01,1800,None,1800-01-01,1800-01-05,0,0,0,1,0,0,1
724,725,17540.0,06,2012,0,01,1800,None,2012-06-01,1800-01-05,0,0,0,1,0,0,1
725,726,40540.0,02,2002,0,01,1800,None,2002-02-01,1800-01-05,1,0,0,0,0,0,1
726,727,2050.0,03,2007,0,01,1800,None,2007-03-01,1800-01-05,1,0,0,0,1,0,0
727,728,13990.0,01,1800,1,14,2011,"Jan,Apr,Jul,Oct",1800-01-01,2011-04-03,0,0,0,1,1,0,0
728,729,8980.0,06,2011,0,01,1800,None,2011-06-01,1800-01-05,0,0,1,0,0,0,1
729,730,1190.0,09,2013,0,01,1800,None,2013-09-01,1800-01-05,0,0,1,0,1,0,0
730,731,15270.0,01,1800,1,10,2014,"Jan,Apr,Jul,Oct",1800-01-01,2014-03-09,1,0,0,0,1,0,0
731,732,35280.0,01,1800,0,01,1800,None,1800-01-01,1800-01-05,1,0,0,0,0,0,1
732,733,860.0,10,1999,0,01,1800,None,1999-10-01,1800-01-05,0,1,0,0,0,1,0
733,734,220.0,01,1800,1,36,2013,"Mar,Jun,Sept,Dec",1800-01-01,2013-09-08,1,0,0,0,1,0,0
734,735,1920.0,04,2005,0,01,1800,None,2005-04-01,1800-01-05,0,0,0,1,0,0,1
735,736,1650.0,01,1800,1,14,2011,"Jan,Apr,Jul,Oct",1800-01-01,2011-04-03,0,0,1,0,0,0,1
736,737,100.0,05,2007,1,31,2013,"Jan,Apr,Jul,Oct",2007-05-01,2013-08-04,1,0,0,0,1,0,0
737,738,5980.0,10,2005,0,01,1800,None,2005-10-01,1800-01-05,0,0,0,1,0,0,1
738,739,2770.0,06,2008,1,22,2011,"Jan,Apr,Jul,Oct",2008-06-01,2011-05-29,0,0,0,1,0,0,1
739,740,6400.0,03,2014,0,01,1800,None,2014-03-01,1800-01-05,0,0,0,1,1,0,0
740,741,11900.0,01,1800,0,01,1800,None,1800-01-01,1800-01-05,0,0,0,1,0,0,1
741,742,4380.0,01,1800,0,01,1800,None,1800-01-01,1800-01-05,0,0,0,1,0,0,1
742,743,6710.0,11,2003,1,14,2012,"Jan,Apr,Jul,Oct",2003-11-01,2012-04-01,1,0,0,0,1,0,0
743,744,1370.0,12,2011,1,40,2014,"Jan,Apr,Jul,Oct",2011-12-01,2014-10-05,1,0,0,0,1,0,0
744,745,17650.0,11,2013,1,37,2009,"Jan,Apr,Jul,Oct",2013-11-01,2009-09-13,1,0,0,0,1,0,0
745,746,4330.0,02,2011,1,35,2011,"Mar,Jun,Sept,Dec",2011-02-01,2011-08-28,0,0,0,1,0,0,1
746,747,45740.0,08,2008,0,01,1800,None,2008-08-01,1800-01-05,0,0,1,0,0,0,1
747,748,2380.0,03,2010,1,14,2011,"Jan,Apr,Jul,Oct",2010-03-01,2011-04-03,0,0,0,1,1,0,0
748,749,3410.0,08,2011,1,14,2015,"Jan,Apr,Jul,Oct",2011-08-01,2015-04-05,1,0,0,0,1,0,0
749,750,8670.0,02,2002,1,14,2011,"Jan,Apr,Jul,Oct",2002-02-01,2011-04-03,0,0,0,1,1,0,0
750,751,650.0,10,2006,0,01,1800,None,2006-10-01,1800-01-05,1,0,0,0,1,0,0
751,752,970.0,03,2013,1,31,2013,"Feb,May,Aug,Nov",2013-03-01,2013-08-04,1,0,0,0,1,0,0
752,753,540.0,11,2012,1,35,2010,"Mar,Jun,Sept,Dec",2012-11-01,2010-08-29,0,0,0,1,0,0,1
753,754,380.0,05,2008,1,10,2014,"Mar,Jun,Sept,Dec",2008-05-01,2014-03-09,0,0,1,0,0,0,1
754,755,13130.0,12,2003,0,01,1800,None,2003-12-01,1800-01-05,0,0,0,1,0,0,1
755,756,50.0,01,1800,1,40,2011,"Jan,Apr,Jul,Oct",1800-01-01,2011-10-02,1,0,0,0,0,0,1
756,757,3450.0,01,1800,0,01,1800,None,1800-01-01,1800-01-05,1,0,0,0,0,0,1
757,758,19780.0,06,2008,0,01,1800,None,2008-06-01,1800-01-05,1,0,0,0,0,0,1
758,759,110.0,11,2012,1,31,2013,"Feb,May,Aug,Nov",2012-11-01,2013-08-04,1,0,0,0,1,0,0
759,760,560.0,01,2011,0,01,1800,None,2011-01-01,1800-01-05,1,0,0,0,1,0,0
760,761,2390.0,09,2012,0,01,1800,None,2012-09-01,1800-01-05,1,0,0,0,1,0,0
761,762,1280.0,01,1800,1,10,2013,"Mar,Jun,Sept,Dec",1800-01-01,2013-03-10,0,0,0,1,0,0,1
762,763,32240.0,03,2010,0,01,1800,None,2010-03-01,1800-01-05,0,0,0,1,0,0,1
763,764,26490.0,01,1800,1,10,2014,"Mar,Jun,Sept,Dec",1800-01-01,2014-03-09,1,0,0,0,0,0,1
764,765,25430.0,05,1999,1,37,2009,"Jan,Apr,Jul,Oct",1999-05-01,2009-09-13,1,0,0,0,0,0,1
765,766,9820.0,01,1800,0,01,1800,None,1800-01-01,1800-01-05,0,0,0,1,0,0,1
766,767,13080.0,01,1800,0,01,1800,None,1800-01-01,1800-01-05,1,0,0,0,0,0,1
767,768,2630.0,09,2012,0,01,1800,None,2012-09-01,1800-01-05,1,0,0,0,0,0,1
768,769,840.0,01,1800,1,48,2012,"Jan,Apr,Jul,Oct",1800-01-01,2012-11-25,0,1,0,0,0,1,0
769,770,100.0,04,2015,0,01,1800,None,2015-04-01,1800-01-05,1,0,0,0,0,0,1
770,771,20640.0,09,2007,0,01,1800,None,2007-09-01,1800-01-05,1,0,0,0,1,0,0
771,772,1850.0,01,1800,0,01,1800,None,1800-01-01,1800-01-05,0,0,0,1,0,0,1
772,773,200.0,01,1800,0,01,1800,None,1800-01-01,1800-01-05,1,0,0,0,1,0,0
773,774,640.0,09,2013,0,01,1800,None,2013-09-01,1800-01-05,1,0,0,0,0,0,1
774,775,6970.0,12,2005,1,22,2011,"Jan,Apr,Jul,Oct",2005-12-01,2011-05-29,0,0,0,1,0,0,1
775,776,700.0,04,2009,1,14,2011,"Jan,Apr,Jul,Oct",2009-04-01,2011-04-03,0,0,1,0,1,0,0
776,777,8250.0,10,2004,1,10,2013,"Mar,Jun,Sept,Dec",2004-10-01,2013-03-10,0,0,0,1,0,0,1
777,778,340.0,06,2003,1,40,2014,"Jan,Apr,Jul,Oct",2003-06-01,2014-10-05,1,0,0,0,1,0,0
778,779,16990.0,04,2004,0,01,1800,None,2004-04-01,1800-01-05,1,0,0,0,1,0,0
779,780,18160.0,01,1800,0,01,1800,None,1800-01-01,1800-01-05,1,0,0,0,1,0,0
780,781,630.0,04,2007,0,01,1800,None,2007-04-01,1800-01-05,1,0,0,0,1,0,0
781,782,5390.0,08,2003,1,01,2012,"Jan,Apr,Jul,Oct",2003-08-01,2012-01-01,0,0,1,0,0,0,1
782,783,15490.0,01,1800,0,01,1800,None,1800-01-01,1800-01-05,0,0,0,1,0,0,1
783,784,560.0,10,2014,1,10,2014,"Jan,Apr,Jul,Oct",2014-10-01,2014-03-09,1,0,0,0,1,0,0
784,785,970.0,07,2005,1,31,2013,"Feb,May,Aug,Nov",2005-07-01,2013-08-04,0,0,0,1,0,0,1
785,786,290.0,11,2006,1,05,2013,"Feb,May,Aug,Nov",2006-11-01,2013-02-03,1,0,0,0,1,0,0
786,787,3210.0,06,2009,0,01,1800,None,2009-06-01,1800-01-05,0,0,1,0,0,0,1
787,788,1530.0,03,2013,0,01,1800,None,2013-03-01,1800-01-05,1,0,0,0,0,0,1
788,789,9770.0,07,2003,0,01,1800,None,2003-07-01,1800-01-05,1,0,0,0,0,0,1
789,790,9070.0,12,2003,0,01,1800,None,2003-12-01,1800-01-05,0,0,0,1,0,0,1
790,791,5950.0,04,2007,0,01,1800,None,2007-04-01,1800-01-05,1,0,0,0,1,0,0
791,792,17280.0,10,2009,1,18,2011,"Feb,May,Aug,Nov",2009-10-01,2011-05-01,0,0,0,1,1,0,0
792,793,2710.0,07,2006,0,01,1800,None,2006-07-01,1800-01-05,0,0,0,1,1,0,0
793,794,5090.0,09,2006,0,01,1800,None,2006-09-01,1800-01-05,0,0,1,0,0,0,1
794,795,510.0,01,1800,1,35,2010,"Mar,Jun,Sept,Dec",1800-01-01,2010-08-29,0,0,0,1,1,0,0
795,796,7180.0,11,2012,0,01,1800,None,2012-11-01,1800-01-05,1,0,0,0,0,0,1
796,797,2090.0,10,2012,1,40,2014,"Jan,Apr,Jul,Oct",2012-10-01,2014-10-05,1,0,0,0,1,0,0
797,798,9560.0,04,2001,0,01,1800,None,2001-04-01,1800-01-05,1,0,0,0,1,0,0
798,799,2700.0,01,1800,0,01,1800,None,1800-01-01,1800-01-05,1,0,0,0,0,0,1
799,800,2020.0,07,2014,0,01,1800,None,2014-07-01,1800-01-05,0,0,0,1,1,0,0
800,801,48330.0,04,2013,0,01,1800,None,2013-04-01,1800-01-05,0,0,0,1,1,0,0
801,802,910.0,01,1800,1,22,2011,"Feb,May,Aug,Nov",1800-01-01,2011-05-29,1,0,0,0,0,0,1
802,803,1760.0,01,1800,1,10,2014,"Mar,Jun,Sept,Dec",1800-01-01,2014-03-09,0,0,0,1,1,0,0
803,804,2100.0,01,1800,1,01,2013,"Jan,Apr,Jul,Oct",1800-01-01,2013-01-06,0,0,1,0,0,0,1
804,805,24770.0,10,2011,1,10,2014,"Mar,Jun,Sept,Dec",2011-10-01,2014-03-09,0,0,0,1,1,0,0
805,806,260.0,01,1800,1,44,2010,"Feb,May,Aug,Nov",1800-01-01,2010-10-31,0,0,0,1,1,0,0
806,807,3870.0,04,2008,0,01,1800,None,2008-04-01,1800-01-05,1,0,0,0,1,0,0
807,808,18620.0,01,1800,1,31,2009,"Feb,May,Aug,Nov",1800-01-01,2009-08-02,1,0,0,0,1,0,0
808,809,12770.0,10,2000,0,01,1800,None,2000-10-01,1800-01-05,1,0,0,0,1,0,0
809,810,9640.0,11,2013,0,01,1800,None,2013-11-01,1800-01-05,0,0,0,1,0,0,1
810,811,410.0,09,2012,0,01,1800,None,2012-09-01,1800-01-05,1,0,0,0,1,0,0
811,812,2590.0,09,2012,0,01,1800,None,2012-09-01,1800-01-05,0,0,0,1,1,0,0
812,813,1560.0,09,2003,0,01,1800,None,2003-09-01,1800-01-05,1,0,0,0,1,0,0
813,814,24530.0,07,2013,0,01,1800,None,2013-07-01,1800-01-05,0,0,0,1,0,0,1
814,815,590.0,01,1900,1,40,2014,"Jan,Apr,Jul,Oct",1900-01-01,2014-10-05,1,0,0,0,1,0,0
815,816,460.0,01,1800,0,01,1800,None,1800-01-01,1800-01-05,0,0,1,0,0,0,1
816,817,140.0,03,2006,0,01,1800,None,2006-03-01,1800-01-05,1,0,0,0,1,0,0
817,818,490.0,01,1800,1,35,2010,"Mar,Jun,Sept,Dec",1800-01-01,2010-08-29,0,0,0,1,1,0,0
818,819,720.0,10,2014,0,01,1800,None,2014-10-01,1800-01-05,1,0,0,0,0,0,1
819,820,1650.0,01,1800,1,40,2014,"Jan,Apr,Jul,Oct",1800-01-01,2014-10-05,1,0,0,0,0,0,1
820,821,1700.0,09,2009,0,01,1800,None,2009-09-01,1800-01-05,1,0,0,0,1,0,0
821,822,410.0,11,2010,1,48,2010,"Mar,Jun,Sept,Dec",2010-11-01,2010-11-28,1,0,0,0,0,0,1
822,823,16210.0,11,2010,0,01,1800,None,2010-11-01,1800-01-05,1,0,0,0,0,0,1
823,824,17570.0,01,1800,0,01,1800,None,1800-01-01,1800-01-05,1,0,0,0,1,0,0
824,825,380.0,05,2011,1,40,2014,"Jan,Apr,Jul,Oct",2011-05-01,2014-10-05,1,0,0,0,1,0,0
825,826,7980.0,06,2005,0,01,1800,None,2005-06-01,1800-01-05,1,0,0,0,0,0,1
826,827,250.0,01,2005,0,01,1800,None,2005-01-01,1800-01-05,1,0,0,0,0,0,1
827,828,3290.0,12,2014,0,01,1800,None,2014-12-01,1800-01-05,0,0,0,1,0,0,1
828,829,110.0,01,1800,0,01,1800,None,1800-01-01,1800-01-05,0,0,1,0,1,0,0
829,830,6320.0,01,1800,1,05,2011,"Jan,Apr,Jul,Oct",1800-01-01,2011-01-30,1,0,0,0,0,0,1
830,831,800.0,06,2007,0,01,1800,None,2007-06-01,1800-01-05,1,0,0,0,1,0,0
831,832,5070.0,01,1800,1,45,2009,"Feb,May,Aug,Nov",1800-01-01,2009-11-08,0,0,0,1,1,0,0
832,833,3290.0,12,1999,1,35,2010,"Mar,Jun,Sept,Dec",1999-12-01,2010-08-29,0,0,0,1,0,0,1
833,834,3470.0,03,2012,0,01,1800,None,2012-03-01,1800-01-05,1,0,0,0,1,0,0
834,835,2890.0,12,2007,1,10,2014,"Mar,Jun,Sept,Dec",2007-12-01,2014-03-09,1,0,0,0,1,0,0
835,836,2720.0,09,2012,0,01,1800,None,2012-09-01,1800-01-05,1,0,0,0,1,0,0
836,837,14600.0,04,2015,0,01,1800,None,2015-04-01,1800-01-05,1,0,0,0,0,0,1
837,838,6890.0,01,1800,1,48,2011,"Mar,Jun,Sept,Dec",1800-01-01,2011-11-27,0,0,0,1,0,0,1
838,839,240.0,01,2015,0,01,1800,None,2015-01-01,1800-01-05,0,0,1,0,1,0,0
839,840,1070.0,09,2009,0,01,1800,None,2009-09-01,1800-01-05,1,0,0,0,1,0,0
840,841,27650.0,08,2004,0,01,1800,None,2004-08-01,1800-01-05,1,0,0,0,1,0,0
841,842,1200.0,11,2007,0,01,1800,None,2007-11-01,1800-01-05,0,0,0,1,0,0,1
842,843,60.0,04,2006,0,01,1800,None,2006-04-01,1800-01-05,0,0,1,0,1,0,0
843,844,2030.0,09,2012,1,18,2011,"Feb,May,Aug,Nov",2012-09-01,2011-05-01,1,0,0,0,1,0,0
844,845,7860.0,11,2005,1,14,2011,"Jan,Apr,Jul,Oct",2005-11-01,2011-04-03,0,0,0,1,1,0,0
845,846,8860.0,04,2004,1,37,2009,"Jan,Apr,Jul,Oct",2004-04-01,2009-09-13,1,0,0,0,0,0,1
846,847,190.0,01,1800,1,31,2013,"Feb,May,Aug,Nov",1800-01-01,2013-08-04,0,0,1,0,0,0,1
847,848,370.0,07,2007,1,14,2011,"Jan,Apr,Jul,Oct",2007-07-01,2011-04-03,1,0,0,0,0,0,1
848,849,5000.0,01,1800,0,01,1800,None,1800-01-01,1800-01-05,0,0,1,0,0,0,1
849,850,1120.0,05,2007,1,31,2013,"Jan,Apr,Jul,Oct",2007-05-01,2013-08-04,0,0,0,1,1,0,0
850,851,2330.0,01,1800,1,49,2014,"Mar,Jun,Sept,Dec",1800-01-01,2014-12-07,0,0,0,1,0,0,1
851,852,940.0,04,2004,1,14,2011,"Jan,Apr,Jul,Oct",2004-04-01,2011-04-03,0,0,1,0,1,0,0
852,853,14040.0,01,1800,0,01,1800,None,1800-01-01,1800-01-05,1,0,0,0,1,0,0
853,854,4770.0,01,1800,1,13,2010,"Jan,Apr,Jul,Oct",1800-01-01,2010-03-28,0,0,1,0,1,0,0
854,855,3440.0,01,1800,1,45,2009,"Feb,May,Aug,Nov",1800-01-01,2009-11-08,1,0,0,0,1,0,0
855,856,3020.0,02,2010,0,01,1800,None,2010-02-01,1800-01-05,1,0,0,0,1,0,0
856,857,6270.0,08,2005,1,23,2014,"Mar,Jun,Sept,Dec",2005-08-01,2014-06-08,0,0,1,0,1,0,0
857,858,3370.0,12,2008,1,40,2014,"Jan,Apr,Jul,Oct",2008-12-01,2014-10-05,1,0,0,0,1,0,0
858,859,21770.0,07,2015,0,01,1800,None,2015-07-01,1800-01-05,0,0,1,0,1,0,0
859,860,5980.0,02,2010,0,01,1800,None,2010-02-01,1800-01-05,0,0,1,0,0,0,1
860,861,740.0,01,1800,1,14,2013,"Mar,Jun,Sept,Dec",1800-01-01,2013-04-07,0,0,1,0,0,0,1
861,862,2840.0,03,2010,1,14,2011,"Jan,Apr,Jul,Oct",2010-03-01,2011-04-03,1,0,0,0,0,0,1
862,863,21370.0,11,2010,0,01,1800,None,2010-11-01,1800-01-05,1,0,0,0,0,0,1
863,864,1020.0,10,2012,1,45,2009,"Feb,May,Aug,Nov",2012-10-01,2009-11-08,1,0,0,0,1,0,0
864,865,2640.0,01,1800,0,01,1800,None,1800-01-01,1800-01-05,0,0,0,1,0,0,1
865,866,9680.0,01,1800,1,05,2013,"Feb,May,Aug,Nov",1800-01-01,2013-02-03,0,0,0,1,1,0,0
866,867,21810.0,09,2012,0,01,1800,None,2012-09-01,1800-01-05,0,0,0,1,0,0,1
867,868,1360.0,08,2005,1,10,2014,"Jan,Apr,Jul,Oct",2005-08-01,2014-03-09,0,0,0,1,0,0,1
868,869,230.0,10,2001,1,14,2011,"Jan,Apr,Jul,Oct",2001-10-01,2011-04-03,0,0,1,0,1,0,0
869,870,780.0,04,2009,0,01,1800,None,2009-04-01,1800-01-05,1,0,0,0,1,0,0
870,871,10620.0,01,1800,0,01,1800,None,1800-01-01,1800-01-05,0,0,0,1,0,0,1
871,872,3860.0,09,2014,1,23,2015,"Mar,Jun,Sept,Dec",2014-09-01,2015-06-07,1,0,0,0,0,0,1
872,873,2040.0,11,2008,0,01,1800,None,2008-11-01,1800-01-05,1,0,0,0,1,0,0
873,874,3210.0,01,1800,0,01,1800,None,1800-01-01,1800-01-05,1,0,0,0,1,0,0
874,875,5070.0,11,2007,1,18,2015,"Feb,May,Aug,Nov",2007-11-01,2015-05-03,0,0,0,1,1,0,0
875,876,21790.0,04,2005,1,18,2015,"Feb,May,Aug,Nov",2005-04-01,2015-05-03,1,0,0,0,1,0,0
876,877,29190.0,01,1800,0,01,1800,None,1800-01-01,1800-01-05,1,0,0,0,0,0,1
877,878,1100.0,12,2014,0,01,1800,None,2014-12-01,1800-01-05,0,0,0,1,0,0,1
878,879,0.0,01,1800,1,05,2013,"Feb,May,Aug,Nov",1800-01-01,2013-02-03,0,0,0,1,1,0,0
879,880,4570.0,01,1800,0,01,1800,None,1800-01-01,1800-01-05,1,0,0,0,0,0,1
880,881,180.0,03,2008,1,31,2013,"Feb,May,Aug,Nov",2008-03-01,2013-08-04,1,0,0,0,1,0,0
881,882,30.0,04,2013,0,01,1800,None,2013-04-01,1800-01-05,1,0,0,0,1,0,0
882,883,3200.0,06,2005,0,01,1800,None,2005-06-01,1800-01-05,1,0,0,0,1,0,0
883,884,7550.0,01,1800,0,01,1800,None,1800-01-01,1800-01-05,0,0,0,1,0,0,1
884,885,480.0,12,2005,0,01,1800,None,2005-12-01,1800-01-05,1,0,0,0,1,0,0
885,886,12430.0,10,2004,0,01,1800,None,2004-10-01,1800-01-05,1,0,0,0,0,0,1
886,887,19700.0,01,1800,1,37,2009,"Jan,Apr,Jul,Oct",1800-01-01,2009-09-13,0,0,0,1,1,0,0
887,888,4450.0,06,2012,1,35,2012,"Mar,Jun,Sept,Dec",2012-06-01,2012-08-26,0,0,0,1,1,0,0
888,889,18670.0,12,2005,0,01,1800,None,2005-12-01,1800-01-05,0,0,0,1,1,0,0
889,890,4450.0,01,1800,1,14,2011,"Jan,Apr,Jul,Oct",1800-01-01,2011-04-03,1,0,0,0,1,0,0
890,891,350.0,01,1800,1,31,2013,"Feb,May,Aug,Nov",1800-01-01,2013-08-04,1,0,0,0,0,0,1
891,892,19370.0,04,2002,0,01,1800,None,2002-04-01,1800-01-05,1,0,0,0,1,0,0
892,893,130.0,01,1800,1,01,2013,"Jan,Apr,Jul,Oct",1800-01-01,2013-01-06,1,0,0,0,1,0,0
893,894,190.0,11,2012,0,01,1800,None,2012-11-01,1800-01-05,1,0,0,0,1,0,0
894,895,4150.0,01,1800,0,01,1800,None,1800-01-01,1800-01-05,1,0,0,0,0,0,1
895,896,170.0,09,2012,0,01,1800,None,2012-09-01,1800-01-05,1,0,0,0,0,0,1
896,897,3290.0,01,2007,1,05,2013,"Feb,May,Aug,Nov",2007-01-01,2013-02-03,0,0,1,0,0,0,1
897,898,18540.0,01,1800,0,01,1800,None,1800-01-01,1800-01-05,1,0,0,0,1,0,0
898,899,2590.0,01,1800,1,13,2010,"Jan,Apr,Jul,Oct",1800-01-01,2010-03-28,0,0,0,1,1,0,0
899,900,3920.0,04,2005,1,40,2014,"Jan,Apr,Jul,Oct",2005-04-01,2014-10-05,1,0,0,0,1,0,0
900,901,3170.0,04,2014,0,01,1800,None,2014-04-01,1800-01-05,1,0,0,0,0,0,1
901,902,310.0,05,2015,1,40,2014,"Jan,Apr,Jul,Oct",2015-05-01,2014-10-05,1,0,0,0,1,0,0
902,903,7290.0,09,2014,0,01,1800,None,2014-09-01,1800-01-05,0,0,0,1,0,0,1
903,904,570.0,07,2013,1,14,2011,"Jan,Apr,Jul,Oct",2013-07-01,2011-04-03,0,0,0,1,0,0,1
904,905,90.0,06,2014,0,01,1800,None,2014-06-01,1800-01-05,1,0,0,0,1,0,0
905,906,90.0,07,2010,0,01,1800,None,2010-07-01,1800-01-05,1,0,0,0,1,0,0
906,907,250.0,01,1800,0,01,1800,None,1800-01-01,1800-01-05,1,0,0,0,0,0,1
907,908,1980.0,07,2010,1,37,2009,"Jan,Apr,Jul,Oct",2010-07-01,2009-09-13,1,0,0,0,1,0,0
908,909,1680.0,01,1800,1,45,2009,"Feb,May,Aug,Nov",1800-01-01,2009-11-08,1,0,0,0,0,0,1
909,910,12480.0,01,1800,1,01,2013,"Jan,Apr,Jul,Oct",1800-01-01,2013-01-06,0,0,0,1,0,0,1
910,911,16490.0,01,1800,0,01,1800,None,1800-01-01,1800-01-05,1,0,0,0,0,0,1
911,912,3100.0,05,2010,0,01,1800,None,2010-05-01,1800-01-05,0,0,1,0,0,0,1
912,913,280.0,01,1800,0,01,1800,None,1800-01-01,1800-01-05,1,0,0,0,1,0,0
913,914,2640.0,04,2011,1,22,2012,"Mar,Jun,Sept,Dec",2011-04-01,2012-05-27,0,0,1,0,0,0,1
914,915,650.0,03,2013,1,40,2014,"Jan,Apr,Jul,Oct",2013-03-01,2014-10-05,0,0,0,1,0,0,1
915,916,90.0,11,2012,0,01,1800,None,2012-11-01,1800-01-05,1,0,0,0,1,0,0
916,917,7240.0,02,2010,0,01,1800,None,2010-02-01,1800-01-05,1,0,0,0,1,0,0
917,918,18710.0,04,2015,0,01,1800,None,2015-04-01,1800-01-05,1,0,0,0,0,0,1
918,919,2620.0,01,1800,1,45,2009,"Feb,May,Aug,Nov",1800-01-01,2009-11-08,1,0,0,0,1,0,0
919,920,850.0,02,2012,1,40,2014,"Jan,Apr,Jul,Oct",2012-02-01,2014-10-05,1,0,0,0,1,0,0
920,921,840.0,09,2006,0,01,1800,None,2006-09-01,1800-01-05,1,0,0,0,1,0,0
921,922,2110.0,03,2006,0,01,1800,None,2006-03-01,1800-01-05,0,0,0,1,1,0,0
922,923,280.0,09,2008,0,01,1800,None,2008-09-01,1800-01-05,1,0,0,0,1,0,0
923,924,6420.0,04,2011,1,01,2012,"Jan,Apr,Jul,Oct",2011-04-01,2012-01-01,1,0,0,0,1,0,0
924,925,470.0,03,2007,1,01,2012,"Jan,Apr,Jul,Oct",2007-03-01,2012-01-01,0,0,1,0,1,0,0
925,926,5150.0,03,2011,1,13,2010,"Jan,Apr,Jul,Oct",2011-03-01,2010-03-28,0,0,0,1,0,0,1
926,927,480.0,01,1800,0,01,1800,None,1800-01-01,1800-01-05,1,0,0,0,1,0,0
927,928,1090.0,01,1800,1,31,2013,"Feb,May,Aug,Nov",1800-01-01,2013-08-04,0,0,0,1,0,0,1
928,929,4820.0,09,2013,0,01,1800,None,2013-09-01,1800-01-05,1,0,0,0,0,0,1
929,930,70.0,01,1800,0,01,1800,None,1800-01-01,1800-01-05,1,0,0,0,1,0,0
930,931,1480.0,09,2011,1,01,2012,"Jan,Apr,Jul,Oct",2011-09-01,2012-01-01,1,0,0,0,0,0,1
931,932,15700.0,01,1800,1,13,2010,"Jan,Apr,Jul,Oct",1800-01-01,2010-03-28,1,0,0,0,1,0,0
932,933,6270.0,02,2005,0,01,1800,None,2005-02-01,1800-01-05,1,0,0,0,0,0,1
933,934,5460.0,01,1800,1,14,2011,"Jan,Apr,Jul,Oct",1800-01-01,2011-04-03,1,0,0,0,0,0,1
934,935,22350.0,06,2010,0,01,1800,None,2010-06-01,1800-01-05,1,0,0,0,0,0,1
935,936,580.0,02,2008,0,01,1800,None,2008-02-01,1800-01-05,1,0,0,0,1,0,0
936,937,2810.0,01,1800,1,10,2014,"Jan,Apr,Jul,Oct",1800-01-01,2014-03-09,0,0,0,1,1,0,0
937,938,2820.0,09,2009,0,01,1800,None,2009-09-01,1800-01-05,1,0,0,0,1,0,0
938,939,1340.0,01,1800,0,01,1800,None,1800-01-01,1800-01-05,0,0,0,1,1,0,0
939,940,6470.0,09,2012,0,01,1800,None,2012-09-01,1800-01-05,0,0,0,1,0,0,1
940,941,1200.0,12,2011,1,31,2013,"Jan,Apr,Jul,Oct",2011-12-01,2013-08-04,1,0,0,0,1,0,0
941,942,6860.0,01,1800,1,18,2011,"Jan,Apr,Jul,Oct",1800-01-01,2011-05-01,0,0,0,1,0,0,1
942,943,18020.0,01,1800,0,01,1800,None,1800-01-01,1800-01-05,0,0,0,1,0,0,1
943,944,1670.0,07,2015,0,01,1800,None,2015-07-01,1800-01-05,0,0,1,0,1,0,0
944,945,12480.0,03,2011,0,01,1800,None,2011-03-01,1800-01-05,1,0,0,0,0,0,1
945,946,2220.0,12,2011,1,14,2015,"Jan,Apr,Jul,Oct",2011-12-01,2015-04-05,1,0,0,0,1,0,0
946,947,460.0,03,2014,1,13,2010,"Jan,Apr,Jul,Oct",2014-03-01,2010-03-28,1,0,0,0,1,0,0
947,948,1430.0,01,1800,0,01,1800,None,1800-01-01,1800-01-05,0,1,0,0,0,1,0
948,949,870.0,03,2006,0,01,1800,None,2006-03-01,1800-01-05,1,0,0,0,1,0,0
949,950,8460.0,11,1994,0,01,1800,None,1994-11-01,1800-01-05,1,0,0,0,1,0,0
950,951,710.0,01,1800,1,40,2011,"Jan,Apr,Jul,Oct",1800-01-01,2011-10-02,0,0,0,1,0,0,1
951,952,6300.0,10,2013,0,01,1800,None,2013-10-01,1800-01-05,0,0,0,1,0,0,1
952,953,19830.0,04,2006,1,22,2011,"Mar,Jun,Sept,Dec",2006-04-01,2011-05-29,1,0,0,0,1,0,0
953,954,390.0,02,2013,1,10,2014,"Jan,Apr,Jul,Oct",2013-02-01,2014-03-09,1,0,0,0,1,0,0
954,955,1690.0,07,2009,1,36,2013,"Mar,Jun,Sept,Dec",2009-07-01,2013-09-08,0,0,0,1,0,0,1
955,956,2330.0,10,2014,1,18,2011,"Feb,May,Aug,Nov",2014-10-01,2011-05-01,1,0,0,0,1,0,0
956,957,1420.0,11,2012,0,01,1800,None,2012-11-01,1800-01-05,0,0,0,1,0,0,1
957,958,440.0,11,2013,0,01,1800,None,2013-11-01,1800-01-05,1,0,0,0,1,0,0
958,959,1060.0,12,2005,0,01,1800,None,2005-12-01,1800-01-05,1,0,0,0,0,0,1
959,960,8990.0,01,1800,1,31,2009,"Feb,May,Aug,Nov",1800-01-01,2009-08-02,0,0,0,1,1,0,0
960,961,9430.0,01,1800,0,01,1800,None,1800-01-01,1800-01-05,0,0,0,1,0,0,1
961,962,260.0,01,1800,0,01,1800,None,1800-01-01,1800-01-05,0,0,1,0,1,0,0
962,963,23620.0,11,2013,0,01,1800,None,2013-11-01,1800-01-05,1,0,0,0,0,0,1
963,964,270.0,01,1800,1,05,2013,"Feb,May,Aug,Nov",1800-01-01,2013-02-03,1,0,0,0,1,0,0
964,965,110.0,01,1800,0,01,1800,None,1800-01-01,1800-01-05,1,0,0,0,0,0,1
965,966,760.0,02,2008,0,01,1800,None,2008-02-01,1800-01-05,1,0,0,0,1,0,0
966,967,3560.0,09,2013,1,36,2013,"Jan,Apr,Jul,Oct",2013-09-01,2013-09-08,1,0,0,0,0,0,1
967,968,1190.0,01,1800,0,01,1800,None,1800-01-01,1800-01-05,0,0,1,0,1,0,0
968,969,600.0,11,1999,1,10,2013,"Jan,Apr,Jul,Oct",1999-11-01,2013-03-10,1,0,0,0,0,0,1
969,970,910.0,12,2014,1,37,2009,"Jan,Apr,Jul,Oct",2014-12-01,2009-09-13,1,0,0,0,1,0,0
970,971,1140.0,05,2011,1,14,2012,"Mar,Jun,Sept,Dec",2011-05-01,2012-04-01,0,0,1,0,1,0,0
971,972,14960.0,01,1800,0,01,1800,None,1800-01-01,1800-01-05,1,0,0,0,1,0,0
972,973,330.0,01,1800,1,28,2012,"Jan,Apr,Jul,Oct",1800-01-01,2012-07-08,0,0,0,1,0,0,1
973,974,150.0,03,2011,1,40,2014,"Jan,Apr,Jul,Oct",2011-03-01,2014-10-05,1,0,0,0,1,0,0
974,975,9630.0,01,1800,1,14,2011,"Jan,Apr,Jul,Oct",1800-01-01,2011-04-03,1,0,0,0,0,0,1
975,976,4180.0,01,1800,0,01,1800,None,1800-01-01,1800-01-05,1,0,0,0,1,0,0
976,977,520.0,09,2005,1,13,2010,"Jan,Apr,Jul,Oct",2005-09-01,2010-03-28,1,0,0,0,1,0,0
977,978,3890.0,01,1800,0,01,1800,None,1800-01-01,1800-01-05,0,0,1,0,0,0,1
978,979,2270.0,11,2005,1,14,2011,"Jan,Apr,Jul,Oct",2005-11-01,2011-04-03,1,0,0,0,0,0,1
979,980,4420.0,09,2005,0,01,1800,None,2005-09-01,1800-01-05,1,0,0,0,1,0,0
980,981,2620.0,11,2002,0,01,1800,None,2002-11-01,1800-01-05,0,0,0,1,0,0,1
981,982,21930.0,01,1800,0,01,1800,None,1800-01-01,1800-01-05,0,0,0,1,1,0,0
982,983,40.0,03,2014,1,01,2014,"Jan,Apr,Jul,Oct",2014-03-01,2014-01-05,1,0,0,0,1,0,0
983,984,440.0,01,1800,1,01,2013,"Jan,Apr,Jul,Oct",1800-01-01,2013-01-06,0,0,1,0,1,0,0
984,985,490.0,05,2007,1,13,2010,"Jan,Apr,Jul,Oct",2007-05-01,2010-03-28,0,0,1,0,0,0,1
985,986,620.0,10,2014,1,18,2014,"Feb,May,Aug,Nov",2014-10-01,2014-05-04,1,0,0,0,1,0,0
986,987,1690.0,06,2007,0,01,1800,None,2007-06-01,1800-01-05,0,0,1,0,1,0,0
987,988,30.0,11,2012,0,01,1800,None,2012-11-01,1800-01-05,1,0,0,0,1,0,0
988,989,1640.0,06,2006,1,40,2011,"Jan,Apr,Jul,Oct",2006-06-01,2011-10-02,1,0,0,0,1,0,0
989,990,20930.0,01,1800,0,01,1800,None,1800-01-01,1800-01-05,0,0,0,1,1,0,0
990,991,1010.0,01,1800,0,01,1800,None,1800-01-01,1800-01-05,1,0,0,0,1,0,0
991,992,2480.0,07,1990,0,01,1800,None,1990-07-01,1800-01-05,1,0,0,0,1,0,0
992,993,3460.0,10,2013,1,10,2014,"Jan,Apr,Jul,Oct",2013-10-01,2014-03-09,0,0,0,1,0,0,1
993,994,2290.0,07,2011,1,01,2012,"Jan,Apr,Jul,Oct",2011-07-01,2012-01-01,1,0,0,0,1,0,0
994,995,6560.0,12,2013,0,01,1800,None,2013-12-01,1800-01-05,0,0,0,1,1,0,0
995,996,2870.0,07,2015,1,13,2010,"Jan,Apr,Jul,Oct",2015-07-01,2010-03-28,0,0,1,0,1,0,0
996,997,5840.0,07,2010,1,37,2009,"Jan,Apr,Jul,Oct",2010-07-01,2009-09-13,0,0,0,1,0,0,1
997,998,780.0,09,2005,1,05,2013,"Feb,May,Aug,Nov",2005-09-01,2013-02-03,1,0,0,0,1,0,0
998,999,15140.0,02,2002,1,37,2009,"Jan,Apr,Jul,Oct",2002-02-01,2009-09-13,0,0,0,1,0,0,1
999,1000,2230.0,05,2009,1,40,2014,"Jan,Apr,Jul,Oct",2009-05-01,2014-10-05,1,0,0,0,0,0,1
1000,1001,19640.0,01,1800,1,14,2011,"Jan,Apr,Jul,Oct",1800-01-01,2011-04-03,0,0,1,0,1,0,0
1001,1002,1130.0,11,2008,0,01,1800,None,2008-11-01,1800-01-05,0,0,0,1,0,0,1
1002,1003,170.0,07,2013,1,27,2013,"Jan,Apr,Jul,Oct",2013-07-01,2013-07-07,1,0,0,0,1,0,0
1003,1004,970.0,01,1800,1,09,2011,"Mar,Jun,Sept,Dec",1800-01-01,2011-02-27,0,0,0,1,0,0,1
1004,1005,6480.0,01,1800,0,01,1800,None,1800-01-01,1800-01-05,1,0,0,0,1,0,0
1005,1006,3890.0,11,2006,1,05,2013,"Feb,May,Aug,Nov",2006-11-01,2013-02-03,0,0,1,0,0,0,1
1006,1007,4180.0,09,2012,0,01,1800,None,2012-09-01,1800-01-05,0,0,1,0,0,0,1
1007,1008,30.0,09,2010,0,01,1800,None,2010-09-01,1800-01-05,1,0,0,0,0,0,1
1008,1009,230.0,07,2004,1,10,2014,"Jan,Apr,Jul,Oct",2004-07-01,2014-03-09,1,0,0,0,1,0,0
1009,1010,4610.0,06,2010,1,18,2010,"Feb,May,Aug,Nov",2010-06-01,2010-05-02,0,0,0,1,0,0,1
1010,1011,490.0,09,2012,1,18,2011,"Feb,May,Aug,Nov",2012-09-01,2011-05-01,1,0,0,0,0,0,1
1011,1012,6330.0,06,2004,1,39,2010,"Jan,Apr,Jul,Oct",2004-06-01,2010-09-26,0,0,0,1,0,0,1
1012,1013,630.0,02,2015,1,31,2013,"Feb,May,Aug,Nov",2015-02-01,2013-08-04,1,0,0,0,1,0,0
1013,1014,210.0,01,1800,1,31,2013,"Jan,Apr,Jul,Oct",1800-01-01,2013-08-04,1,0,0,0,0,0,1
1014,1015,9910.0,12,2010,1,09,2011,"Mar,Jun,Sept,Dec",2010-12-01,2011-02-27,0,0,0,1,0,0,1
1015,1016,550.0,01,1800,1,35,2010,"Mar,Jun,Sept,Dec",1800-01-01,2010-08-29,0,0,1,0,0,0,1
1016,1017,110.0,11,2008,0,01,1800,None,2008-11-01,1800-01-05,0,0,1,0,1,0,0
1017,1018,140.0,09,2012,0,01,1800,None,2012-09-01,1800-01-05,0,0,1,0,0,0,1
1018,1019,2740.0,07,2014,1,13,2010,"Jan,Apr,Jul,Oct",2014-07-01,2010-03-28,0,0,0,1,0,0,1
1019,1020,40.0,08,2015,0,01,1800,None,2015-08-01,1800-01-05,1,0,0,0,1,0,0
1020,1021,1080.0,05,2011,0,01,1800,None,2011-05-01,1800-01-05,1,0,0,0,1,0,0
1021,1022,1520.0,01,1800,0,01,1800,None,1800-01-01,1800-01-05,1,0,0,0,0,0,1
1022,1023,3740.0,02,2002,1,14,2011,"Jan,Apr,Jul,Oct",2002-02-01,2011-04-03,0,0,1,0,1,0,0
1023,1024,1990.0,01,2012,0,01,1800,None,2012-01-01,1800-01-05,0,0,1,0,0,0,1
1024,1025,720.0,11,2009,0,01,1800,None,2009-11-01,1800-01-05,1,0,0,0,1,0,0
1025,1026,450.0,06,2011,1,48,2012,"Mar,Jun,Sept,Dec",2011-06-01,2012-11-25,0,0,1,0,1,0,0
1026,1027,190.0,06,2008,1,40,2011,"Jan,Apr,Jul,Oct",2008-06-01,2011-10-02,1,0,0,0,0,0,1
1027,1028,150.0,01,1800,1,31,2013,"Jan,Apr,Jul,Oct",1800-01-01,2013-08-04,1,0,0,0,1,0,0
1028,1029,1590.0,03,2006,0,01,1800,None,2006-03-01,1800-01-05,1,0,0,0,1,0,0
1029,1030,36410.0,04,2008,0,01,1800,None,2008-04-01,1800-01-05,1,0,0,0,1,0,0
1030,1031,590.0,05,2001,0,01,1800,None,2001-05-01,1800-01-05,0,0,0,1,1,0,0
1031,1032,270.0,02,2013,1,40,2012,"Jan,Apr,Jul,Oct",2013-02-01,2012-09-30,0,0,0,1,0,0,1
1032,1033,7680.0,03,2006,0,01,1800,None,2006-03-01,1800-01-05,1,0,0,0,1,0,0
1033,1034,13750.0,04,2015,0,01,1800,None,2015-04-01,1800-01-05,1,0,0,0,1,0,0
1034,1035,27150.0,01,1800,0,01,1800,None,1800-01-01,1800-01-05,1,0,0,0,1,0,0
1035,1036,9560.0,01,1800,1,36,2013,"Jan,Apr,Jul,Oct",1800-01-01,2013-09-08,0,0,0,1,0,0,1
1036,1037,150.0,01,1800,0,01,1800,None,1800-01-01,1800-01-05,1,0,0,0,0,0,1
1037,1038,17290.0,10,2013,0,01,1800,None,2013-10-01,1800-01-05,0,0,0,1,1,0,0
1038,1039,70.0,06,1990,1,22,2012,"Mar,Jun,Sept,Dec",1990-06-01,2012-05-27,1,0,0,0,0,0,1
1039,1040,4030.0,02,2013,1,10,2014,"Jan,Apr,Jul,Oct",2013-02-01,2014-03-09,1,0,0,0,1,0,0
1040,1041,1600.0,08,2013,1,40,2014,"Jan,Apr,Jul,Oct",2013-08-01,2014-10-05,0,0,1,0,1,0,0
1041,1042,3440.0,01,1800,1,31,2013,"Feb,May,Aug,Nov",1800-01-01,2013-08-04,1,0,0,0,1,0,0
1042,1043,420.0,03,2006,0,01,1800,None,2006-03-01,1800-01-05,0,0,1,0,1,0,0
1043,1044,240.0,04,2015,1,13,2010,"Jan,Apr,Jul,Oct",2015-04-01,2010-03-28,0,0,1,0,1,0,0
1044,1045,26990.0,12,2013,0,01,1800,None,2013-12-01,1800-01-05,1,0,0,0,0,0,1
1045,1046,29070.0,04,2005,0,01,1800,None,2005-04-01,1800-01-05,0,0,0,1,0,0,1
1046,1047,3750.0,01,1800,1,45,2009,"Feb,May,Aug,Nov",1800-01-01,2009-11-08,1,0,0,0,1,0,0
1047,1048,1860.0,09,2012,1,40,2012,"Jan,Apr,Jul,Oct",2012-09-01,2012-09-30,0,0,0,1,0,0,1
1048,1049,370.0,07,2012,1,14,2011,"Jan,Apr,Jul,Oct",2012-07-01,2011-04-03,1,0,0,0,1,0,0
1049,1050,13170.0,08,2014,1,09,2011,"Mar,Jun,Sept,Dec",2014-08-01,2011-02-27,0,0,0,1,0,0,1
1050,1051,200.0,07,1998,1,01,2012,"Jan,Apr,Jul,Oct",1998-07-01,2012-01-01,0,0,1,0,1,0,0
1051,1052,5080.0,01,1800,1,31,2013,"Feb,May,Aug,Nov",1800-01-01,2013-08-04,1,0,0,0,0,0,1
1052,1053,1710.0,07,2015,0,01,1800,None,2015-07-01,1800-01-05,1,0,0,0,1,0,0
1053,1054,13190.0,01,1800,1,45,2013,"Feb,May,Aug,Nov",1800-01-01,2013-11-10,1,0,0,0,0,0,1
1054,1055,1980.0,04,2009,0,01,1800,None,2009-04-01,1800-01-05,0,0,1,0,1,0,0
1055,1056,5350.0,01,1800,1,40,2012,"Jan,Apr,Jul,Oct",1800-01-01,2012-09-30,0,0,0,1,0,0,1
1056,1057,3230.0,11,2011,0,01,1800,None,2011-11-01,1800-01-05,0,0,0,1,0,0,1
1057,1058,180.0,01,1800,1,35,2010,"Mar,Jun,Sept,Dec",1800-01-01,2010-08-29,1,0,0,0,0,0,1
1058,1059,3380.0,04,2013,0,01,1800,None,2013-04-01,1800-01-05,0,0,1,0,1,0,0
1059,1060,3430.0,01,1800,1,31,2013,"Feb,May,Aug,Nov",1800-01-01,2013-08-04,1,0,0,0,0,0,1
1060,1061,8110.0,01,1800,0,01,1800,None,1800-01-01,1800-01-05,0,0,0,1,0,0,1
1061,1062,190.0,09,2012,1,40,2012,"Feb,May,Aug,Nov",2012-09-01,2012-09-30,0,0,0,1,1,0,0
1062,1063,6250.0,01,1800,0,01,1800,None,1800-01-01,1800-01-05,1,0,0,0,0,0,1
1063,1064,420.0,01,1800,0,01,1800,None,1800-01-01,1800-01-05,1,0,0,0,0,0,1
1064,1065,1290.0,01,1800,1,35,2011,"Mar,Jun,Sept,Dec",1800-01-01,2011-08-28,1,0,0,0,1,0,0
1065,1066,3350.0,01,1800,0,01,1800,None,1800-01-01,1800-01-05,1,0,0,0,1,0,0
1066,1067,12020.0,07,2009,0,01,1800,None,2009-07-01,1800-01-05,0,0,0,1,0,0,1
1067,1068,5010.0,01,1800,1,05,2013,"Jan,Apr,Jul,Oct",1800-01-01,2013-02-03,0,0,0,1,0,0,1
1068,1069,18050.0,01,1800,1,14,2011,"Jan,Apr,Jul,Oct",1800-01-01,2011-04-03,1,0,0,0,0,0,1
1069,1070,400.0,10,2008,0,01,1800,None,2008-10-01,1800-01-05,0,0,1,0,0,0,1
1070,1071,820.0,03,2012,1,35,2012,"Mar,Jun,Sept,Dec",2012-03-01,2012-08-26,1,0,0,0,1,0,0
1071,1072,5380.0,08,2015,1,05,2010,"Feb,May,Aug,Nov",2015-08-01,2010-01-31,1,0,0,0,0,0,1
1072,1073,1710.0,01,1800,1,44,2012,"Jan,Apr,Jul,Oct",1800-01-01,2012-10-28,1,0,0,0,0,0,1
1073,1074,3330.0,10,2001,1,14,2011,"Jan,Apr,Jul,Oct",2001-10-01,2011-04-03,0,0,1,0,0,0,1
1074,1075,1410.0,10,2013,0,01,1800,None,2013-10-01,1800-01-05,1,0,0,0,0,0,1
1075,1076,90.0,01,1800,1,01,2013,"Jan,Apr,Jul,Oct",1800-01-01,2013-01-06,1,0,0,0,0,0,1
1076,1077,3750.0,11,2001,1,35,2010,"Mar,Jun,Sept,Dec",2001-11-01,2010-08-29,1,0,0,0,1,0,0
1077,1078,670.0,01,1800,1,40,2011,"Jan,Apr,Jul,Oct",1800-01-01,2011-10-02,0,0,0,1,0,0,1
1078,1079,16680.0,01,1800,1,37,2009,"Jan,Apr,Jul,Oct",1800-01-01,2009-09-13,1,0,0,0,1,0,0
1079,1080,2410.0,01,1800,1,40,2014,"Jan,Apr,Jul,Oct",1800-01-01,2014-10-05,1,0,0,0,1,0,0
1080,1081,400.0,03,2006,0,01,1800,None,2006-03-01,1800-01-05,0,1,0,0,1,0,0
1081,1082,440.0,04,2002,0,01,1800,None,2002-04-01,1800-01-05,0,0,1,0,1,0,0
1082,1083,11540.0,01,1800,1,05,2013,"Feb,May,Aug,Nov",1800-01-01,2013-02-03,0,0,0,1,0,0,1
1083,1084,190.0,01,1800,1,13,2010,"Jan,Apr,Jul,Oct",1800-01-01,2010-03-28,1,0,0,0,1,0,0
1084,1085,4030.0,02,2015,0,01,1800,None,2015-02-01,1800-01-05,0,0,1,0,1,0,0
1085,1086,180.0,11,2013,1,18,2011,"Feb,May,Aug,Nov",2013-11-01,2011-05-01,1,0,0,0,1,0,0
1086,1087,2210.0,11,2011,0,01,1800,None,2011-11-01,1800-01-05,0,0,0,1,0,0,1
1087,1088,4300.0,03,2009,1,27,2013,"Jan,Apr,Jul,Oct",2009-03-01,2013-07-07,1,0,0,0,1,0,0
1088,1089,5220.0,05,2009,0,01,1800,None,2009-05-01,1800-01-05,0,0,0,1,1,0,0
1089,1090,330.0,01,1800,1,14,2011,"Jan,Apr,Jul,Oct",1800-01-01,2011-04-03,1,0,0,0,1,0,0
1090,1091,9990.0,01,1800,0,01,1800,None,1800-01-01,1800-01-05,1,0,0,0,0,0,1
1091,1092,300.0,07,2000,1,40,2014,"Jan,Apr,Jul,Oct",2000-07-01,2014-10-05,1,0,0,0,1,0,0
1092,1093,10450.0,06,2009,0,01,1800,None,2009-06-01,1800-01-05,0,0,1,0,0,0,1
1093,1094,2380.0,03,2013,1,40,2014,"Jan,Apr,Jul,Oct",2013-03-01,2014-10-05,0,0,0,1,1,0,0
1094,1095,690.0,06,2007,1,14,2011,"Jan,Apr,Jul,Oct",2007-06-01,2011-04-03,1,0,0,0,1,0,0
1095,1096,1130.0,01,1800,1,10,2014,"Mar,Jun,Sept,Dec",1800-01-01,2014-03-09,1,0,0,0,0,0,1
1096,1097,720.0,03,2002,0,01,1800,None,2002-03-01,1800-01-05,0,1,0,0,0,1,0
1097,1098,1830.0,11,2004,0,01,1800,None,2004-11-01,1800-01-05,1,0,0,0,1,0,0
1098,1099,200.0,04,2013,1,14,2013,"Jan,Apr,Jul,Oct",2013-04-01,2013-04-07,1,0,0,0,0,0,1
1099,1100,540.0,01,1800,1,14,2011,"Jan,Apr,Jul,Oct",1800-01-01,2011-04-03,1,0,0,0,1,0,0
1100,1101,4060.0,09,2012,0,01,1800,None,2012-09-01,1800-01-05,0,0,0,1,0,0,1
1101,1102,850.0,11,2012,1,40,2014,"Jan,Apr,Jul,Oct",2012-11-01,2014-10-05,1,0,0,0,1,0,0
1102,1103,1340.0,10,2006,1,05,2013,"Feb,May,Aug,Nov",2006-10-01,2013-02-03,0,0,0,1,0,0,1
1103,1104,260.0,02,2012,1,14,2011,"Jan,Apr,Jul,Oct",2012-02-01,2011-04-03,0,0,0,1,1,0,0
1104,1105,330.0,11,2008,1,05,2013,"Feb,May,Aug,Nov",2008-11-01,2013-02-03,0,0,1,0,0,0,1
1105,1106,5330.0,09,2011,1,31,2013,"Jan,Apr,Jul,Oct",2011-09-01,2013-08-04,1,0,0,0,0,0,1
1106,1107,1400.0,06,2012,1,13,2010,"Jan,Apr,Jul,Oct",2012-06-01,2010-03-28,1,0,0,0,1,0,0
1107,1108,540.0,04,2004,0,01,1800,None,2004-04-01,1800-01-05,1,0,0,0,1,0,0
1108,1109,3490.0,04,2011,1,22,2012,"Jan,Apr,Jul,Oct",2011-04-01,2012-05-27,0,0,1,0,1,0,0
1109,1110,900.0,09,2010,0,01,1800,None,2010-09-01,1800-01-05,0,0,1,0,0,0,1
1110,1111,1900.0,06,2014,1,31,2013,"Jan,Apr,Jul,Oct",2014-06-01,2013-08-04,1,0,0,0,1,0,0
1111,1112,1880.0,04,2006,0,01,1800,None,2006-04-01,1800-01-05,0,0,1,0,0,0,1
1112,1113,9260.0,01,1800,0,01,1800,None,1800-01-01,1800-01-05,1,0,0,0,0,0,1
1113,1114,870.0,01,1800,0,01,1800,None,1800-01-01,1800-01-05,1,0,0,0,0,0,1
1114,1115,5350.0,01,1800,1,22,2012,"Mar,Jun,Sept,Dec",1800-01-01,2012-05-27,0,0,0,1,0,0,1
